<?xml version="1.0" encoding="UTF-8"?>
<gpx creator="Garmin Connect" version="1.1"
  xsi:schemaLocation="http://www.topografix.com/GPX/1/1 http://www.topografix.com/GPX/11.xsd"
  xmlns:ns3="http://www.garmin.com/xmlschemas/TrackPointExtension/v1"
  xmlns="http://www.topografix.com/GPX/1/1"
  xmlns:xsi="http://www.w3.org/2001/XMLSchema-instance" xmlns:ns2="http://www.garmin.com/xmlschemas/GpxExtensions/v3">
  <metadata>
    <name>めんたいランドとWestVillage</name>
    <link href="connect.garmin.com">
      <text>Garmin Connect</text>
    </link>
    <time>2026-05-22T10:55:17.000Z</time>
  </metadata>
  <trk>
    <name>めんたいランドとWestVillage</name>
    <trkseg>
      <trkpt lat="33.28952447511256" lon="130.51644137129188">
        <ele>16.18</ele>
      </trkpt>
      <trkpt lat="33.28966864384711" lon="130.51648378372192">
        <ele>16.18</ele>
      </trkpt>
      <trkpt lat="33.28974382951856" lon="130.516172144562">
        <ele>16.26</ele>
      </trkpt>
      <trkpt lat="33.28981884755194" lon="130.51586151123047">
        <ele>16.59</ele>
      </trkpt>
      <trkpt lat="33.28986176289618" lon="130.51567878574133">
        <ele>16.85</ele>
      </trkpt>
      <trkpt lat="33.28990459442139" lon="130.51549673080444">
        <ele>17.06</ele>
      </trkpt>
      <trkpt lat="33.29007625579834" lon="130.5153250694275">
        <ele>16.98</ele>
      </trkpt>
      <trkpt lat="33.290183544158936" lon="130.51528215408325">
        <ele>16.73</ele>
      </trkpt>
      <trkpt lat="33.29029091633856" lon="130.5152177810669">
        <ele>16.44</ele>
      </trkpt>
      <trkpt lat="33.29040884971619" lon="130.515056848526">
        <ele>16.04</ele>
      </trkpt>
      <trkpt lat="33.29052686691284" lon="130.5148959159851">
        <ele>15.59</ele>
      </trkpt>
      <trkpt lat="33.29061278142035" lon="130.5148959159851">
        <ele>15.42</ele>
      </trkpt>
      <trkpt lat="33.29089164733887" lon="130.51481008529663">
        <ele>15.69</ele>
      </trkpt>
      <trkpt lat="33.29108476638794" lon="130.51461696624756">
        <ele>15.89</ele>
      </trkpt>
      <trkpt lat="33.291170597076416" lon="130.51435947418213">
        <ele>15.78</ele>
      </trkpt>
      <trkpt lat="33.291170597076416" lon="130.51412343978882">
        <ele>15.71</ele>
      </trkpt>
      <trkpt lat="33.29123497009277" lon="130.51393006928265">
        <ele>15.76</ele>
      </trkpt>
      <trkpt lat="33.29129934310913" lon="130.51373720169067">
        <ele>15.81</ele>
      </trkpt>
      <trkpt lat="33.29136379994452" lon="130.51350083202124">
        <ele>15.93</ele>
      </trkpt>
      <trkpt lat="33.29142817296088" lon="130.51326513290405">
        <ele>16.03</ele>
      </trkpt>
      <trkpt lat="33.29140663146973" lon="130.51313638687134">
        <ele>16.04</ele>
      </trkpt>
      <trkpt lat="33.291449546813965" lon="130.51292181015015">
        <ele>16.1</ele>
      </trkpt>
      <trkpt lat="33.291449630633" lon="130.51292181015015">
        <ele>16.13</ele>
      </trkpt>
      <trkpt lat="33.29152473248541" lon="130.51266389898956">
        <ele>16.06</ele>
      </trkpt>
      <trkpt lat="33.2915997505188" lon="130.5124068260193">
        <ele>16.03</ele>
      </trkpt>
      <trkpt lat="33.29162120819092" lon="130.51225662231445">
        <ele>15.98</ele>
      </trkpt>
      <trkpt lat="33.29168566502631" lon="130.51212787628174">
        <ele>15.94</ele>
      </trkpt>
      <trkpt lat="33.29191071912646" lon="130.51190810278058">
        <ele>15.89</ele>
      </trkpt>
      <trkpt lat="33.29213577322662" lon="130.51168841309845">
        <ele>15.77</ele>
      </trkpt>
      <trkpt lat="33.292360911145806" lon="130.5114686395973">
        <ele>15.59</ele>
      </trkpt>
      <trkpt lat="33.29258688725531" lon="130.51124811172485">
        <ele>15.5</ele>
      </trkpt>
      <trkpt lat="33.29277941957116" lon="130.51125875674188">
        <ele>15.5</ele>
      </trkpt>
      <trkpt lat="33.292973125353456" lon="130.51126956939697">
        <ele>15.58</ele>
      </trkpt>
      <trkpt lat="33.29319281503558" lon="130.51126361824572">
        <ele>15.65</ele>
      </trkpt>
      <trkpt lat="33.29347905702889" lon="130.51125582307577">
        <ele>15.7</ele>
      </trkpt>
      <trkpt lat="33.29376697540283" lon="130.51124811172485">
        <ele>15.71</ele>
      </trkpt>
      <trkpt lat="33.29368525184691" lon="130.51089129410684">
        <ele>15.66</ele>
      </trkpt>
      <trkpt lat="33.29360361211002" lon="130.51053456030786">
        <ele>15.58</ele>
      </trkpt>
      <trkpt lat="33.29352197237313" lon="130.51017782650888">
        <ele>15.53</ele>
      </trkpt>
      <trkpt lat="33.29344033263624" lon="130.5098210927099">
        <ele>15.45</ele>
      </trkpt>
      <trkpt lat="33.2933593634516" lon="130.50946712493896">
        <ele>15.48</ele>
      </trkpt>
      <trkpt lat="33.29333790577948" lon="130.50933837890625">
        <ele>15.47</ele>
      </trkpt>
      <trkpt lat="33.29333069734275" lon="130.50908038392663">
        <ele>15.47</ele>
      </trkpt>
      <trkpt lat="33.29332357272506" lon="130.508822388947">
        <ele>15.52</ele>
      </trkpt>
      <trkpt lat="33.29331644810736" lon="130.50856590270996">
        <ele>15.54</ele>
      </trkpt>
      <trkpt lat="33.29341309145093" lon="130.50824353471398">
        <ele>15.48</ele>
      </trkpt>
      <trkpt lat="33.2935094833374" lon="130.5079221725464">
        <ele>15.38</ele>
      </trkpt>
      <trkpt lat="33.29364367760718" lon="130.5075892433524">
        <ele>15.35</ele>
      </trkpt>
      <trkpt lat="33.29377795569599" lon="130.50725631415844">
        <ele>15.38</ele>
      </trkpt>
      <trkpt lat="33.293912233784795" lon="130.50692338496447">
        <ele>15.32</ele>
      </trkpt>
      <trkpt lat="33.29404600895941" lon="130.506591796875">
        <ele>15.18</ele>
      </trkpt>
      <trkpt lat="33.29415321350098" lon="130.50631284713745">
        <ele>15.02</ele>
      </trkpt>
      <trkpt lat="33.29428631812334" lon="130.50598637200892">
        <ele>14.88</ele>
      </trkpt>
      <trkpt lat="33.294419506564736" lon="130.5056598968804">
        <ele>14.84</ele>
      </trkpt>
      <trkpt lat="33.29455269500613" lon="130.50533342175186">
        <ele>14.82</ele>
      </trkpt>
      <trkpt lat="33.29468588344753" lon="130.50500694662333">
        <ele>14.73</ele>
      </trkpt>
      <trkpt lat="33.2948184851557" lon="130.5046820640564">
        <ele>14.5</ele>
      </trkpt>
      <trkpt lat="33.29494731500745" lon="130.50436698831618">
        <ele>14.38</ele>
      </trkpt>
      <trkpt lat="33.295076144859195" lon="130.504051996395">
        <ele>14.21</ele>
      </trkpt>
      <trkpt lat="33.295204723253846" lon="130.50373792648315">
        <ele>14.12</ele>
      </trkpt>
      <trkpt lat="33.29531201161444" lon="130.5034375190735">
        <ele>14.06</ele>
      </trkpt>
      <trkpt lat="33.29531192779541" lon="130.5034375190735">
        <ele>14.02</ele>
      </trkpt>
      <trkpt lat="33.29544612206519" lon="130.50312604755163">
        <ele>14.03</ele>
      </trkpt>
      <trkpt lat="33.295580400153995" lon="130.5028146598488">
        <ele>14.11</ele>
      </trkpt>
      <trkpt lat="33.29571459442377" lon="130.502503272146">
        <ele>14.2</ele>
      </trkpt>
      <trkpt lat="33.29584845341742" lon="130.50219297409058">
        <ele>14.27</ele>
      </trkpt>
      <trkpt lat="33.29584836959839" lon="130.50219297409058">
        <ele>14.3</ele>
      </trkpt>
      <trkpt lat="33.295955741778016" lon="130.5018925666809">
        <ele>14.32</ele>
      </trkpt>
      <trkpt lat="33.29604878090322" lon="130.5016634054482">
        <ele>14.3</ele>
      </trkpt>
      <trkpt lat="33.296141820028424" lon="130.50143432803452">
        <ele>14.23</ele>
      </trkpt>
      <trkpt lat="33.296234691515565" lon="130.5012059211731">
        <ele>14.25</ele>
      </trkpt>
      <trkpt lat="33.29633669927716" lon="130.50094809383154">
        <ele>14.2</ele>
      </trkpt>
      <trkpt lat="33.29643870703876" lon="130.50069035030901">
        <ele>14.1</ele>
      </trkpt>
      <trkpt lat="33.29654071480036" lon="130.5004326067865">
        <ele>14.0</ele>
      </trkpt>
      <trkpt lat="33.29664238728583" lon="130.50017595291138">
        <ele>13.97</ele>
      </trkpt>
      <trkpt lat="33.296739030629396" lon="130.4999289382249">
        <ele>13.98</ele>
      </trkpt>
      <trkpt lat="33.2968355063349" lon="130.49968242645264">
        <ele>14.06</ele>
      </trkpt>
      <trkpt lat="33.29692133702338" lon="130.4994891397655">
        <ele>14.1</ele>
      </trkpt>
      <trkpt lat="33.297007167711854" lon="130.4992961883545">
        <ele>14.08</ele>
      </trkpt>
      <trkpt lat="33.297007167711854" lon="130.49927473068237">
        <ele>14.0</ele>
      </trkpt>
      <trkpt lat="33.29712526872754" lon="130.49899552948773">
        <ele>13.91</ele>
      </trkpt>
      <trkpt lat="33.297243202105165" lon="130.49871683120728">
        <ele>13.62</ele>
      </trkpt>
      <trkpt lat="33.29732903279364" lon="130.4985237121582">
        <ele>13.31</ele>
      </trkpt>
      <trkpt lat="33.29739340581" lon="130.4983949661255">
        <ele>13.04</ele>
      </trkpt>
      <trkpt lat="33.29739340581" lon="130.49835205078125">
        <ele>12.78</ele>
      </trkpt>
      <trkpt lat="33.29750790260732" lon="130.4980799742043">
        <ele>12.55</ele>
      </trkpt>
      <trkpt lat="33.297622399404645" lon="130.49780789762735">
        <ele>12.26</ele>
      </trkpt>
      <trkpt lat="33.29773664474487" lon="130.49753665924072">
        <ele>11.89</ele>
      </trkpt>
      <trkpt lat="33.297858349978924" lon="130.49726458266377">
        <ele>11.56</ele>
      </trkpt>
      <trkpt lat="33.297980055212975" lon="130.49699258990586">
        <ele>11.23</ele>
      </trkpt>
      <trkpt lat="33.29810150898993" lon="130.4967212677002">
        <ele>10.85</ele>
      </trkpt>
      <trkpt lat="33.29812288284302" lon="130.4967212677002">
        <ele>10.54</ele>
      </trkpt>
      <trkpt lat="33.29812296666205" lon="130.4967212677002">
        <ele>10.24</ele>
      </trkpt>
      <trkpt lat="33.29820888116956" lon="130.49649210646749">
        <ele>9.89</ele>
      </trkpt>
      <trkpt lat="33.298294795677066" lon="130.49626294523478">
        <ele>9.65</ele>
      </trkpt>
      <trkpt lat="33.29838045872748" lon="130.49603462219238">
        <ele>9.38</ele>
      </trkpt>
      <trkpt lat="33.29847710207105" lon="130.49579833634198">
        <ele>9.14</ele>
      </trkpt>
      <trkpt lat="33.29857357777655" lon="130.49556255340576">
        <ele>8.87</ele>
      </trkpt>
      <trkpt lat="33.29867231659591" lon="130.49527890980244">
        <ele>8.55</ele>
      </trkpt>
      <trkpt lat="33.298771139234304" lon="130.49499535001814">
        <ele>8.4</ele>
      </trkpt>
      <trkpt lat="33.2988699618727" lon="130.49471179023385">
        <ele>8.23</ele>
      </trkpt>
      <trkpt lat="33.29896878451109" lon="130.49442823044956">
        <ele>8.05</ele>
      </trkpt>
      <trkpt lat="33.29906710423529" lon="130.4941463470459">
        <ele>7.76</ele>
      </trkpt>
      <trkpt lat="33.299183025956154" lon="130.49382406286895">
        <ele>7.36</ele>
      </trkpt>
      <trkpt lat="33.29929903149605" lon="130.49350186251104">
        <ele>6.82</ele>
      </trkpt>
      <trkpt lat="33.29941503703594" lon="130.49317966215312">
        <ele>6.5</ele>
      </trkpt>
      <trkpt lat="33.299531042575836" lon="130.49285737797618">
        <ele>6.3</ele>
      </trkpt>
      <trkpt lat="33.29964637756348" lon="130.49253702163696">
        <ele>6.14</ele>
      </trkpt>
      <trkpt lat="33.299721563234925" lon="130.49225765280426">
        <ele>5.93</ele>
      </trkpt>
      <trkpt lat="33.29979658126831" lon="130.49197912216187">
        <ele>5.69</ele>
      </trkpt>
      <trkpt lat="33.299967823550105" lon="130.49204332754016">
        <ele>5.54</ele>
      </trkpt>
      <trkpt lat="33.30013998784125" lon="130.49210786819458">
        <ele>5.34</ele>
      </trkpt>
      <trkpt lat="33.300386080518365" lon="130.49219344742596">
        <ele>5.15</ele>
      </trkpt>
      <trkpt lat="33.30063217319548" lon="130.49227902665734">
        <ele>4.91</ele>
      </trkpt>
      <trkpt lat="33.30087834969163" lon="130.49236468970776">
        <ele>4.65</ele>
      </trkpt>
      <trkpt lat="33.3011269569397" lon="130.4924511909485">
        <ele>4.43</ele>
      </trkpt>
      <trkpt lat="33.30136944539845" lon="130.49247968941927">
        <ele>4.39</ele>
      </trkpt>
      <trkpt lat="33.3016119338572" lon="130.49250818789005">
        <ele>4.58</ele>
      </trkpt>
      <trkpt lat="33.30185651779175" lon="130.49253702163696">
        <ele>4.69</ele>
      </trkpt>
      <trkpt lat="33.301874957978725" lon="130.49221448600292">
        <ele>4.72</ele>
      </trkpt>
      <trkpt lat="33.3018933981657" lon="130.4918920341879">
        <ele>4.76</ele>
      </trkpt>
      <trkpt lat="33.30191183835268" lon="130.4915695823729">
        <ele>4.73</ele>
      </trkpt>
      <trkpt lat="33.30193027853966" lon="130.4912471305579">
        <ele>4.82</ele>
      </trkpt>
      <trkpt lat="33.301948718726635" lon="130.49092467874289">
        <ele>4.93</ele>
      </trkpt>
      <trkpt lat="33.30196715891361" lon="130.49060222692788">
        <ele>5.17</ele>
      </trkpt>
      <trkpt lat="33.301985347643495" lon="130.49028396606445">
        <ele>5.29</ele>
      </trkpt>
      <trkpt lat="33.301985347643495" lon="130.49019813537598">
        <ele>5.37</ele>
      </trkpt>
      <trkpt lat="33.301985347643495" lon="130.49015522003174">
        <ele>5.45</ele>
      </trkpt>
      <trkpt lat="33.3019351400435" lon="130.48984710127115">
        <ele>5.43</ele>
      </trkpt>
      <trkpt lat="33.3018849324435" lon="130.4895390663296">
        <ele>5.42</ele>
      </trkpt>
      <trkpt lat="33.30183506011963" lon="130.48923254013062">
        <ele>5.49</ele>
      </trkpt>
      <trkpt lat="33.30183514393866" lon="130.48923254013062">
        <ele>5.55</ele>
      </trkpt>
      <trkpt lat="33.301799269393086" lon="130.48895308747888">
        <ele>5.62</ele>
      </trkpt>
      <trkpt lat="33.301763478666544" lon="130.48867363482714">
        <ele>5.71</ele>
      </trkpt>
      <trkpt lat="33.301727855578065" lon="130.48839569091797">
        <ele>5.86</ele>
      </trkpt>
      <trkpt lat="33.301706314086914" lon="130.4880677908659">
        <ele>6.05</ele>
      </trkpt>
      <trkpt lat="33.30168477259576" lon="130.48773997463286">
        <ele>6.02</ele>
      </trkpt>
      <trkpt lat="33.30166323110461" lon="130.48741215839982">
        <ele>5.9</ele>
      </trkpt>
      <trkpt lat="33.30164194107056" lon="130.4870867729187">
        <ele>5.83</ele>
      </trkpt>
      <trkpt lat="33.30164906568825" lon="130.4867929033935">
        <ele>5.83</ele>
      </trkpt>
      <trkpt lat="33.30165627412498" lon="130.48649911768734">
        <ele>5.86</ele>
      </trkpt>
      <trkpt lat="33.30166348256171" lon="130.48620700836182">
        <ele>5.88</ele>
      </trkpt>
      <trkpt lat="33.30166700296104" lon="130.48587734811008">
        <ele>5.81</ele>
      </trkpt>
      <trkpt lat="33.3016706071794" lon="130.48554768785834">
        <ele>5.7</ele>
      </trkpt>
      <trkpt lat="33.301674127578735" lon="130.48521811142564">
        <ele>5.64</ele>
      </trkpt>
      <trkpt lat="33.3016777317971" lon="130.4848884511739">
        <ele>5.56</ele>
      </trkpt>
      <trkpt lat="33.30168133601546" lon="130.4845588747412">
        <ele>5.49</ele>
      </trkpt>
      <trkpt lat="33.301684856414795" lon="130.48423290252686">
        <ele>5.58</ele>
      </trkpt>
      <trkpt lat="33.30177068710327" lon="130.4839324951172">
        <ele>5.65</ele>
      </trkpt>
      <trkpt lat="33.3017707709223" lon="130.4839324951172">
        <ele>5.68</ele>
      </trkpt>
      <trkpt lat="33.30185660161078" lon="130.48388957977295">
        <ele>5.66</ele>
      </trkpt>
      <trkpt lat="33.30179214477539" lon="130.48367500305176">
        <ele>5.75</ele>
      </trkpt>
      <trkpt lat="33.30177596770227" lon="130.48333637416363">
        <ele>5.77</ele>
      </trkpt>
      <trkpt lat="33.30175987444818" lon="130.48299782909453">
        <ele>5.83</ele>
      </trkpt>
      <trkpt lat="33.30174378119409" lon="130.4826592002064">
        <ele>5.81</ele>
      </trkpt>
      <trkpt lat="33.301727855578065" lon="130.48232316970825">
        <ele>5.78</ele>
      </trkpt>
      <trkpt lat="33.301706314086914" lon="130.48206517472863">
        <ele>5.99</ele>
      </trkpt>
      <trkpt lat="33.30168477259576" lon="130.481807179749">
        <ele>6.38</ele>
      </trkpt>
      <trkpt lat="33.301663398742676" lon="130.48155069351196">
        <ele>6.7</ele>
      </trkpt>
      <trkpt lat="33.3015775680542" lon="130.4812502861023">
        <ele>6.88</ele>
      </trkpt>
      <trkpt lat="33.301684856414795" lon="130.4811429977417">
        <ele>6.96</ele>
      </trkpt>
      <trkpt lat="33.30174922943115" lon="130.48097133636475">
        <ele>7.03</ele>
      </trkpt>
      <trkpt lat="33.301785020157695" lon="130.4806345514953">
        <ele>7.32</ele>
      </trkpt>
      <trkpt lat="33.30182089470327" lon="130.48029776662588">
        <ele>7.77</ele>
      </trkpt>
      <trkpt lat="33.30185660161078" lon="130.47996282577515">
        <ele>7.98</ele>
      </trkpt>
      <trkpt lat="33.30189951695502" lon="130.4796331655234">
        <ele>8.0</ele>
      </trkpt>
      <trkpt lat="33.30194251611829" lon="130.4793035890907">
        <ele>7.92</ele>
      </trkpt>
      <trkpt lat="33.301985347643495" lon="130.47897577285767">
        <ele>8.06</ele>
      </trkpt>
      <trkpt lat="33.302001440897584" lon="130.47862641513348">
        <ele>8.16</ele>
      </trkpt>
      <trkpt lat="33.30201753415167" lon="130.4782770574093">
        <ele>7.96</ele>
      </trkpt>
      <trkpt lat="33.30203362740576" lon="130.47792778350413">
        <ele>7.78</ele>
      </trkpt>
      <trkpt lat="33.30204963684082" lon="130.47758102416992">
        <ele>7.42</ele>
      </trkpt>
      <trkpt lat="33.30211400985718" lon="130.47758102416992">
        <ele>7.18</ele>
      </trkpt>
      <trkpt lat="33.30239212140441" lon="130.47759435139596">
        <ele>6.67</ele>
      </trkpt>
      <trkpt lat="33.30267031677067" lon="130.47760776244104">
        <ele>6.28</ele>
      </trkpt>
      <trkpt lat="33.302948512136936" lon="130.47762108966708">
        <ele>6.31</ele>
      </trkpt>
      <trkpt lat="33.30322662368417" lon="130.47763450071216">
        <ele>6.11</ele>
      </trkpt>
      <trkpt lat="33.30350481905043" lon="130.4776478279382">
        <ele>5.87</ele>
      </trkpt>
      <trkpt lat="33.303783014416695" lon="130.47766123898327">
        <ele>5.63</ele>
      </trkpt>
      <trkpt lat="33.304061125963926" lon="130.47767456620932">
        <ele>5.41</ele>
      </trkpt>
      <trkpt lat="33.3043456915766" lon="130.47768831253052">
        <ele>5.19</ele>
      </trkpt>
      <trkpt lat="33.304654229432344" lon="130.47770574688911">
        <ele>4.99</ele>
      </trkpt>
      <trkpt lat="33.30496285110712" lon="130.4777231812477">
        <ele>4.8</ele>
      </trkpt>
      <trkpt lat="33.305271388962865" lon="130.47774069942534">
        <ele>4.68</ele>
      </trkpt>
      <trkpt lat="33.30558001063764" lon="130.47775813378394">
        <ele>4.53</ele>
      </trkpt>
      <trkpt lat="33.305892990902066" lon="130.47777590341866">
        <ele>4.28</ele>
      </trkpt>
      <trkpt lat="33.3061346411705" lon="130.47778956592083">
        <ele>4.03</ele>
      </trkpt>
      <trkpt lat="33.30637629143894" lon="130.477803228423">
        <ele>4.05</ele>
      </trkpt>
      <trkpt lat="33.3066201210022" lon="130.47781705856323">
        <ele>4.1</ele>
      </trkpt>
      <trkpt lat="33.306684494018555" lon="130.47781705856323">
        <ele>4.08</ele>
      </trkpt>
      <trkpt lat="33.30665582790971" lon="130.4774873983115">
        <ele>3.95</ele>
      </trkpt>
      <trkpt lat="33.30662716180086" lon="130.4771578218788">
        <ele>3.95</ele>
      </trkpt>
      <trkpt lat="33.30659874714911" lon="130.47683000564575">
        <ele>3.96</ele>
      </trkpt>
      <trkpt lat="33.30664166249335" lon="130.4766583442688">
        <ele>4.01</ele>
      </trkpt>
      <trkpt lat="33.3066201210022" lon="130.4763250797987">
        <ele>4.06</ele>
      </trkpt>
      <trkpt lat="33.306598579511046" lon="130.47599189914763">
        <ele>4.28</ele>
      </trkpt>
      <trkpt lat="33.306577038019896" lon="130.47565871849656">
        <ele>4.62</ele>
      </trkpt>
      <trkpt lat="33.30655574798584" lon="130.4753279685974">
        <ele>4.84</ele>
      </trkpt>
      <trkpt lat="33.30656111240387" lon="130.47495706938207">
        <ele>4.89</ele>
      </trkpt>
      <trkpt lat="33.3065664768219" lon="130.47458625398576">
        <ele>5.12</ele>
      </trkpt>
      <trkpt lat="33.30657192505896" lon="130.47421543858945">
        <ele>5.38</ele>
      </trkpt>
      <trkpt lat="33.30657728947699" lon="130.4738473892212">
        <ele>5.61</ele>
      </trkpt>
      <trkpt lat="33.30658441409469" lon="130.47348185442388">
        <ele>5.6</ele>
      </trkpt>
      <trkpt lat="33.30659153871238" lon="130.4731164034456">
        <ele>5.6</ele>
      </trkpt>
      <trkpt lat="33.30659866333008" lon="130.47275304794312">
        <ele>5.72</ele>
      </trkpt>
      <trkpt lat="33.306629341095686" lon="130.47237837687135">
        <ele>6.0</ele>
      </trkpt>
      <trkpt lat="33.306660018861294" lon="130.47200370579958">
        <ele>6.12</ele>
      </trkpt>
      <trkpt lat="33.30669078044593" lon="130.4716290347278">
        <ele>6.44</ele>
      </trkpt>
      <trkpt lat="33.30672145821154" lon="130.47125436365604">
        <ele>6.65</ele>
      </trkpt>
      <trkpt lat="33.30675221979618" lon="130.4708797764033">
        <ele>6.73</ele>
      </trkpt>
      <trkpt lat="33.30678289756179" lon="130.47050510533154">
        <ele>6.7</ele>
      </trkpt>
      <trkpt lat="33.30681324005127" lon="130.47013521194458">
        <ele>6.78</ele>
      </trkpt>
      <trkpt lat="33.3068133238703" lon="130.47013521194458">
        <ele>6.9</ele>
      </trkpt>
      <trkpt lat="33.306828662753105" lon="130.46979121863842">
        <ele>7.01</ele>
      </trkpt>
      <trkpt lat="33.30684400163591" lon="130.46944722533226">
        <ele>7.16</ele>
      </trkpt>
      <trkpt lat="33.30685934051871" lon="130.46910331584513">
        <ele>7.4</ele>
      </trkpt>
      <trkpt lat="33.30687467940152" lon="130.46875932253897">
        <ele>7.51</ele>
      </trkpt>
      <trkpt lat="33.30689001828432" lon="130.46841541305184">
        <ele>7.62</ele>
      </trkpt>
      <trkpt lat="33.306905357167125" lon="130.46807141974568">
        <ele>7.82</ele>
      </trkpt>
      <trkpt lat="33.306920528411865" lon="130.46773195266724">
        <ele>7.92</ele>
      </trkpt>
      <trkpt lat="33.30692480318248" lon="130.46737077645957">
        <ele>8.1</ele>
      </trkpt>
      <trkpt lat="33.30692916177213" lon="130.4670096002519">
        <ele>8.3</ele>
      </trkpt>
      <trkpt lat="33.30693343654275" lon="130.46664842404425">
        <ele>8.42</ele>
      </trkpt>
      <trkpt lat="33.3069377951324" lon="130.46628733165562">
        <ele>8.55</ele>
      </trkpt>
      <trkpt lat="33.306942069903016" lon="130.46592950820923">
        <ele>8.79</ele>
      </trkpt>
      <trkpt lat="33.306920528411865" lon="130.46555684879422">
        <ele>9.04</ele>
      </trkpt>
      <trkpt lat="33.306899070739746" lon="130.46518427319825">
        <ele>9.34</ele>
      </trkpt>
      <trkpt lat="33.306877529248595" lon="130.46481161378324">
        <ele>9.53</ele>
      </trkpt>
      <trkpt lat="33.306856071576476" lon="130.46443903818727">
        <ele>9.77</ele>
      </trkpt>
      <trkpt lat="33.306834530085325" lon="130.46406637877226">
        <ele>9.94</ele>
      </trkpt>
      <trkpt lat="33.3068133238703" lon="130.46369791030884">
        <ele>10.06</ele>
      </trkpt>
      <trkpt lat="33.306764122098684" lon="130.46332935802639">
        <ele>10.19</ele>
      </trkpt>
      <trkpt lat="33.3067150041461" lon="130.46296088956296">
        <ele>10.33</ele>
      </trkpt>
      <trkpt lat="33.306665886193514" lon="130.46259242109954">
        <ele>10.36</ele>
      </trkpt>
      <trkpt lat="33.3066166844219" lon="130.46222395263612">
        <ele>10.52</ele>
      </trkpt>
      <trkpt lat="33.30656756646931" lon="130.4618554841727">
        <ele>10.79</ele>
      </trkpt>
      <trkpt lat="33.30651844851673" lon="130.46148693189025">
        <ele>10.96</ele>
      </trkpt>
      <trkpt lat="33.30646991729736" lon="130.46112298965454">
        <ele>10.96</ele>
      </trkpt>
      <trkpt lat="33.30640537664294" lon="130.46078444458544">
        <ele>10.93</ele>
      </trkpt>
      <trkpt lat="33.30634091980755" lon="130.46044589951634">
        <ele>10.91</ele>
      </trkpt>
      <trkpt lat="33.306276462972164" lon="130.46010743826628">
        <ele>10.94</ele>
      </trkpt>
      <trkpt lat="33.306212425231934" lon="130.45977115631104">
        <ele>11.0</ele>
      </trkpt>
      <trkpt lat="33.30613355152309" lon="130.45944157987833">
        <ele>10.99</ele>
      </trkpt>
      <trkpt lat="33.30605476163328" lon="130.45911208726466">
        <ele>11.09</ele>
      </trkpt>
      <trkpt lat="33.30597639083862" lon="130.45878410339355">
        <ele>10.91</ele>
      </trkpt>
      <trkpt lat="33.30623329617083" lon="130.45867698267102">
        <ele>10.91</ele>
      </trkpt>
      <trkpt lat="33.30649020150304" lon="130.45856994576752">
        <ele>10.69</ele>
      </trkpt>
      <trkpt lat="33.306748950853944" lon="130.45846223831177">
        <ele>10.35</ele>
      </trkpt>
      <trkpt lat="33.30694869160652" lon="130.45837657526135">
        <ele>9.98</ele>
      </trkpt>
      <trkpt lat="33.3071484323591" lon="130.45829091221094">
        <ele>9.64</ele>
      </trkpt>
      <trkpt lat="33.30734968185425" lon="130.45820474624634">
        <ele>9.28</ele>
      </trkpt>
      <trkpt lat="33.30741413868964" lon="130.45818328857422">
        <ele>8.95</ele>
      </trkpt>
      <trkpt lat="33.30752142705023" lon="130.45811891555786">
        <ele>8.59</ele>
      </trkpt>
      <trkpt lat="33.30754288472235" lon="130.45811891555786">
        <ele>8.23</ele>
      </trkpt>
      <trkpt lat="33.307693004608154" lon="130.4579257965088">
        <ele>7.93</ele>
      </trkpt>
      <trkpt lat="33.30784329213202" lon="130.45773267745972">
        <ele>7.53</ele>
      </trkpt>
      <trkpt lat="33.30812224186957" lon="130.45764684677124">
        <ele>7.04</ele>
      </trkpt>
      <trkpt lat="33.30812215805054" lon="130.45764684677124">
        <ele>6.62</ele>
      </trkpt>
      <trkpt lat="33.30842264927924" lon="130.45758247375488">
        <ele>6.18</ele>
      </trkpt>
      <trkpt lat="33.30869363620877" lon="130.45753964222968">
        <ele>5.74</ele>
      </trkpt>
      <trkpt lat="33.30896470695734" lon="130.45749681070447">
        <ele>5.29</ele>
      </trkpt>
      <trkpt lat="33.309238040819764" lon="130.45745372772217">
        <ele>4.84</ele>
      </trkpt>
      <trkpt lat="33.30949477851391" lon="130.45738952234387">
        <ele>4.37</ele>
      </trkpt>
      <trkpt lat="33.309751600027084" lon="130.45732531696558">
        <ele>3.85</ele>
      </trkpt>
      <trkpt lat="33.31000842154026" lon="130.4572611115873">
        <ele>3.38</ele>
      </trkpt>
      <trkpt lat="33.31026800908148" lon="130.45719623565674">
        <ele>2.88</ele>
      </trkpt>
      <trkpt lat="33.310567578300834" lon="130.45712130144238">
        <ele>2.51</ele>
      </trkpt>
      <trkpt lat="33.31086882390082" lon="130.4570460319519">
        <ele>2.27</ele>
      </trkpt>
      <trkpt lat="33.31114777363837" lon="130.45698165893555">
        <ele>1.83</ele>
      </trkpt>
      <trkpt lat="33.31116923131049" lon="130.45696020126343">
        <ele>1.53</ele>
      </trkpt>
      <trkpt lat="33.31146343611181" lon="130.45687990263104">
        <ele>1.11</ele>
      </trkpt>
      <trkpt lat="33.31175772473216" lon="130.4567996878177">
        <ele>0.96</ele>
      </trkpt>
      <trkpt lat="33.31205192953348" lon="130.4567193891853">
        <ele>0.84</ele>
      </trkpt>
      <trkpt lat="33.31234931945801" lon="130.45663833618164">
        <ele>0.75</ele>
      </trkpt>
      <trkpt lat="33.31232165917754" lon="130.4564931616187">
        <ele>0.73</ele>
      </trkpt>
      <trkpt lat="33.31234940327704" lon="130.45663833618164">
        <ele>0.76</ele>
      </trkpt>
      <trkpt lat="33.31263824366033" lon="130.4565634019673">
        <ele>0.97</ele>
      </trkpt>
      <trkpt lat="33.312928760424256" lon="130.4564881324768">
        <ele>1.19</ele>
      </trkpt>
      <trkpt lat="33.3131802175194" lon="130.45641856268048">
        <ele>1.33</ele>
      </trkpt>
      <trkpt lat="33.31343167461455" lon="130.45634899288416">
        <ele>1.46</ele>
      </trkpt>
      <trkpt lat="33.313683131709695" lon="130.45627942308784">
        <ele>1.64</ele>
      </trkpt>
      <trkpt lat="33.313937271013856" lon="130.45620918273926">
        <ele>2.12</ele>
      </trkpt>
      <trkpt lat="33.313937187194824" lon="130.45620918273926">
        <ele>2.48</ele>
      </trkpt>
      <trkpt lat="33.31424388103187" lon="130.45613776892424">
        <ele>2.99</ele>
      </trkpt>
      <trkpt lat="33.31455065868795" lon="130.45606643892825">
        <ele>3.31</ele>
      </trkpt>
      <trkpt lat="33.31485743634403" lon="130.45599510893226">
        <ele>3.74</ele>
      </trkpt>
      <trkpt lat="33.315164130181074" lon="130.45592377893627">
        <ele>4.15</ele>
      </trkpt>
      <trkpt lat="33.31547090783715" lon="130.45585244894028">
        <ele>4.61</ele>
      </trkpt>
      <trkpt lat="33.3157826308161" lon="130.45578002929688">
        <ele>5.18</ele>
      </trkpt>
      <trkpt lat="33.31578254699707" lon="130.45578002929688">
        <ele>5.61</ele>
      </trkpt>
      <trkpt lat="33.31603400409222" lon="130.4557264689356">
        <ele>6.4</ele>
      </trkpt>
      <trkpt lat="33.31628546118736" lon="130.45567299239337">
        <ele>7.09</ele>
      </trkpt>
      <trkpt lat="33.31653691828251" lon="130.45561951585114">
        <ele>7.31</ele>
      </trkpt>
      <trkpt lat="33.3167911414057" lon="130.45556545257568">
        <ele>7.46</ele>
      </trkpt>
      <trkpt lat="33.31704075448215" lon="130.45550837181509">
        <ele>7.62</ele>
      </trkpt>
      <trkpt lat="33.31729045137763" lon="130.4554512910545">
        <ele>7.76</ele>
      </trkpt>
      <trkpt lat="33.31754215992987" lon="130.45539379119873">
        <ele>7.75</ele>
      </trkpt>
      <trkpt lat="33.31754207611084" lon="130.45539379119873">
        <ele>7.76</ele>
      </trkpt>
      <trkpt lat="33.31764944829047" lon="130.4553723335266">
        <ele>7.7</ele>
      </trkpt>
      <trkpt lat="33.317649364471436" lon="130.4553723335266">
        <ele>7.59</ele>
      </trkpt>
      <trkpt lat="33.31791532225907" lon="130.45531114563346">
        <ele>7.38</ele>
      </trkpt>
      <trkpt lat="33.3181812800467" lon="130.45525004155934">
        <ele>7.11</ele>
      </trkpt>
      <trkpt lat="33.318447321653366" lon="130.4551888536662">
        <ele>6.83</ele>
      </trkpt>
      <trkpt lat="33.318713279441" lon="130.45512774959207">
        <ele>6.48</ele>
      </trkpt>
      <trkpt lat="33.31897923722863" lon="130.4550665616989">
        <ele>6.17</ele>
      </trkpt>
      <trkpt lat="33.3192452788353" lon="130.4550054576248">
        <ele>5.97</ele>
      </trkpt>
      <trkpt lat="33.31951626576483" lon="130.45494318008423">
        <ele>5.69</ele>
      </trkpt>
      <trkpt lat="33.3195161819458" lon="130.45494318008423">
        <ele>5.45</ele>
      </trkpt>
      <trkpt lat="33.31981223076582" lon="130.45487537048757">
        <ele>5.08</ele>
      </trkpt>
      <trkpt lat="33.32010827958584" lon="130.45480764470994">
        <ele>4.82</ele>
      </trkpt>
      <trkpt lat="33.32040432840586" lon="130.4547398351133">
        <ele>4.72</ele>
      </trkpt>
      <trkpt lat="33.320700377225876" lon="130.45467210933566">
        <ele>4.66</ele>
      </trkpt>
      <trkpt lat="33.320996426045895" lon="130.454604299739">
        <ele>4.5</ele>
      </trkpt>
      <trkpt lat="33.32129725255072" lon="130.45453548431396">
        <ele>4.39</ele>
      </trkpt>
      <trkpt lat="33.32140454091132" lon="130.45451402664185">
        <ele>4.37</ele>
      </trkpt>
      <trkpt lat="33.32167913205922" lon="130.45445334166288">
        <ele>4.44</ele>
      </trkpt>
      <trkpt lat="33.32195380702615" lon="130.45439274050295">
        <ele>4.57</ele>
      </trkpt>
      <trkpt lat="33.32222839817405" lon="130.454332055524">
        <ele>4.54</ele>
      </trkpt>
      <trkpt lat="33.32250307314098" lon="130.45427145436406">
        <ele>4.46</ele>
      </trkpt>
      <trkpt lat="33.32277766428888" lon="130.45421085320413">
        <ele>4.49</ele>
      </trkpt>
      <trkpt lat="33.32305678166449" lon="130.45414924621582">
        <ele>4.75</ele>
      </trkpt>
      <trkpt lat="33.3232928160578" lon="130.45410633087158">
        <ele>5.08</ele>
      </trkpt>
      <trkpt lat="33.32357813604176" lon="130.4540421254933">
        <ele>5.33</ele>
      </trkpt>
      <trkpt lat="33.32386345602572" lon="130.453977920115">
        <ele>5.38</ele>
      </trkpt>
      <trkpt lat="33.32415112294257" lon="130.4539132118225">
        <ele>5.37</ele>
      </trkpt>
      <trkpt lat="33.32436569966376" lon="130.45387029647827">
        <ele>5.53</ele>
      </trkpt>
      <trkpt lat="33.32461707293987" lon="130.45382746495306">
        <ele>5.73</ele>
      </trkpt>
      <trkpt lat="33.32486853003502" lon="130.45378463342786">
        <ele>5.94</ele>
      </trkpt>
      <trkpt lat="33.325119987130165" lon="130.45374188572168">
        <ele>6.12</ele>
      </trkpt>
      <trkpt lat="33.32537421025336" lon="130.45369863510132">
        <ele>6.31</ele>
      </trkpt>
      <trkpt lat="33.32535266876221" lon="130.45342991128564">
        <ele>6.55</ele>
      </trkpt>
      <trkpt lat="33.32533121109009" lon="130.45316219329834">
        <ele>6.78</ele>
      </trkpt>
      <trkpt lat="33.32525954581797" lon="130.45283982530236">
        <ele>6.99</ele>
      </trkpt>
      <trkpt lat="33.325187964364886" lon="130.45251745730639">
        <ele>7.18</ele>
      </trkpt>
      <trkpt lat="33.32511671818793" lon="130.45219659805298">
        <ele>7.35</ele>
      </trkpt>
      <trkpt lat="33.32507371902466" lon="130.45192427001894">
        <ele>7.57</ele>
      </trkpt>
      <trkpt lat="33.32503071986139" lon="130.45165202580392">
        <ele>7.77</ele>
      </trkpt>
      <trkpt lat="33.32498797215521" lon="130.45138120651245">
        <ele>7.93</ele>
      </trkpt>
      <trkpt lat="33.32497355528176" lon="130.4510586708784">
        <ele>7.97</ele>
      </trkpt>
      <trkpt lat="33.324959222227335" lon="130.4507362190634">
        <ele>8.11</ele>
      </trkpt>
      <trkpt lat="33.32494497299194" lon="130.4504156112671">
        <ele>8.25</ele>
      </trkpt>
      <trkpt lat="33.32496643066406" lon="130.45015761628747">
        <ele>8.38</ele>
      </trkpt>
      <trkpt lat="33.32498788833618" lon="130.44990062713623">
        <ele>8.43</ele>
      </trkpt>
      <trkpt lat="33.32498797215521" lon="130.44990062713623">
        <ele>8.45</ele>
      </trkpt>
      <trkpt lat="33.32499870099127" lon="130.44968563131988">
        <ele>8.44</ele>
      </trkpt>
      <trkpt lat="33.32500942982733" lon="130.44947147369385">
        <ele>8.38</ele>
      </trkpt>
      <trkpt lat="33.32500942982733" lon="130.44936418533325">
        <ele>8.32</ele>
      </trkpt>
      <trkpt lat="33.32500942982733" lon="130.44904232025146">
        <ele>8.21</ele>
      </trkpt>
      <trkpt lat="33.32498788833618" lon="130.44877359643579">
        <ele>8.19</ele>
      </trkpt>
      <trkpt lat="33.324966514483094" lon="130.4485058784485">
        <ele>8.16</ele>
      </trkpt>
      <trkpt lat="33.324880516156554" lon="130.44824805110693">
        <ele>8.06</ele>
      </trkpt>
      <trkpt lat="33.32479476928711" lon="130.44799089431763">
        <ele>7.97</ele>
      </trkpt>
      <trkpt lat="33.324687480926514" lon="130.44801235198975">
        <ele>7.87</ele>
      </trkpt>
      <trkpt lat="33.324666023254395" lon="130.4481840133667">
        <ele>7.84</ele>
      </trkpt>
      <trkpt lat="33.324622102081776" lon="130.44823891483247">
        <ele>7.84</ele>
      </trkpt>
      <trkpt lat="33.324666023254395" lon="130.4481840133667">
        <ele>7.84</ele>
      </trkpt>
      <trkpt lat="33.324687480926514" lon="130.44801235198975">
        <ele>7.87</ele>
      </trkpt>
      <trkpt lat="33.32479485310614" lon="130.44799089431763">
        <ele>7.88</ele>
      </trkpt>
      <trkpt lat="33.3247519377619" lon="130.4477334022522">
        <ele>7.97</ele>
      </trkpt>
      <trkpt lat="33.32470893859863" lon="130.44745445251465">
        <ele>8.15</ele>
      </trkpt>
      <trkpt lat="33.32494438625872" lon="130.44736878946424">
        <ele>8.26</ele>
      </trkpt>
      <trkpt lat="33.32517983391881" lon="130.44728321023285">
        <ele>8.32</ele>
      </trkpt>
      <trkpt lat="33.32541536539793" lon="130.44719754718244">
        <ele>8.54</ele>
      </trkpt>
      <trkpt lat="33.32565315999091" lon="130.44711112976074">
        <ele>8.78</ele>
      </trkpt>
      <trkpt lat="33.32584627903998" lon="130.44704675674438">
        <ele>9.04</ele>
      </trkpt>
      <trkpt lat="33.326081642881036" lon="130.44697182253003">
        <ele>9.26</ele>
      </trkpt>
      <trkpt lat="33.3263183478266" lon="130.44689655303955">
        <ele>9.57</ele>
      </trkpt>
      <trkpt lat="33.326447093859315" lon="130.4468536376953">
        <ele>9.9</ele>
      </trkpt>
      <trkpt lat="33.32644701004028" lon="130.4468536376953">
        <ele>10.29</ele>
      </trkpt>
      <trkpt lat="33.326675249263644" lon="130.4467750992626">
        <ele>10.73</ele>
      </trkpt>
      <trkpt lat="33.32690357230604" lon="130.4466966446489">
        <ele>11.25</ele>
      </trkpt>
      <trkpt lat="33.327133655548096" lon="130.446617603302">
        <ele>11.82</ele>
      </trkpt>
      <trkpt lat="33.32730481401086" lon="130.44661751948297">
        <ele>12.36</ele>
      </trkpt>
      <trkpt lat="33.327477062121034" lon="130.446617603302">
        <ele>12.91</ele>
      </trkpt>
      <trkpt lat="33.327719466760755" lon="130.44661751948297">
        <ele>13.51</ele>
      </trkpt>
      <trkpt lat="33.32796195521951" lon="130.44661751948297">
        <ele>14.23</ele>
      </trkpt>
      <trkpt lat="33.32820653915405" lon="130.446617603302">
        <ele>14.91</ele>
      </trkpt>
      <trkpt lat="33.32846403121948" lon="130.44657468795776">
        <ele>15.52</ele>
      </trkpt>
      <trkpt lat="33.32862454466522" lon="130.44651039876044">
        <ele>16.11</ele>
      </trkpt>
      <trkpt lat="33.32878589630127" lon="130.44644594192505">
        <ele>16.7</ele>
      </trkpt>
      <trkpt lat="33.32893584854901" lon="130.44633882120252">
        <ele>17.26</ele>
      </trkpt>
      <trkpt lat="33.32908638752997" lon="130.44623136520386">
        <ele>17.77</ele>
      </trkpt>
      <trkpt lat="33.329236255958676" lon="130.44613497331738">
        <ele>18.24</ele>
      </trkpt>
      <trkpt lat="33.32938679493964" lon="130.44603824615479">
        <ele>18.71</ele>
      </trkpt>
      <trkpt lat="33.3296063169837" lon="130.44588829390705">
        <ele>19.03</ele>
      </trkpt>
      <trkpt lat="33.329825922846794" lon="130.4457383416593">
        <ele>19.35</ele>
      </trkpt>
      <trkpt lat="33.33004544489086" lon="130.44558838941157">
        <ele>19.67</ele>
      </trkpt>
      <trkpt lat="33.33026655949652" lon="130.44543743133545">
        <ele>20.05</ele>
      </trkpt>
      <trkpt lat="33.33045934326947" lon="130.4453088529408">
        <ele>20.44</ele>
      </trkpt>
      <trkpt lat="33.33065279759467" lon="130.44517993927002">
        <ele>20.77</ele>
      </trkpt>
      <trkpt lat="33.33086737431586" lon="130.44511556625366">
        <ele>21.0</ele>
      </trkpt>
      <trkpt lat="33.331116987392306" lon="130.44505136087537">
        <ele>21.22</ele>
      </trkpt>
      <trkpt lat="33.33136668428779" lon="130.44498715549707">
        <ele>21.38</ele>
      </trkpt>
      <trkpt lat="33.33161839284003" lon="130.4449224472046">
        <ele>21.62</ele>
      </trkpt>
      <trkpt lat="33.331832299008965" lon="130.44486888684332">
        <ele>21.85</ele>
      </trkpt>
      <trkpt lat="33.33204746246338" lon="130.444815158844">
        <ele>22.02</ele>
      </trkpt>
      <trkpt lat="33.33234703168273" lon="130.4447509534657">
        <ele>22.06</ele>
      </trkpt>
      <trkpt lat="33.33264836110175" lon="130.44468641281128">
        <ele>22.04</ele>
      </trkpt>
      <trkpt lat="33.33293192088604" lon="130.44461684301496">
        <ele>22.13</ele>
      </trkpt>
      <trkpt lat="33.33321548067033" lon="130.44454727321863">
        <ele>22.3</ele>
      </trkpt>
      <trkpt lat="33.333499040454626" lon="130.4444777034223">
        <ele>22.5</ele>
      </trkpt>
      <trkpt lat="33.33378561772406" lon="130.44440746307373">
        <ele>22.68</ele>
      </trkpt>
      <trkpt lat="33.333956776186824" lon="130.44436463154852">
        <ele>22.93</ele>
      </trkpt>
      <trkpt lat="33.33412894047797" lon="130.44432163238525">
        <ele>23.18</ele>
      </trkpt>
      <trkpt lat="33.334128856658936" lon="130.44432163238525">
        <ele>23.39</ele>
      </trkpt>
      <trkpt lat="33.33430060185492" lon="130.4442572593689">
        <ele>23.66</ele>
      </trkpt>
      <trkpt lat="33.33458944223821" lon="130.44418232515454">
        <ele>23.93</ele>
      </trkpt>
      <trkpt lat="33.33487995900214" lon="130.44410705566406">
        <ele>24.18</ele>
      </trkpt>
      <trkpt lat="33.33507249131799" lon="130.44406422413886">
        <ele>24.43</ele>
      </trkpt>
      <trkpt lat="33.33526619710028" lon="130.4440212249756">
        <ele>24.74</ele>
      </trkpt>
      <trkpt lat="33.33548077382147" lon="130.44395685195923">
        <ele>25.03</ele>
      </trkpt>
      <trkpt lat="33.33548069000244" lon="130.44395685195923">
        <ele>25.26</ele>
      </trkpt>
      <trkpt lat="33.33571613766253" lon="130.44389264658093">
        <ele>25.46</ele>
      </trkpt>
      <trkpt lat="33.335952842608094" lon="130.4438281059265">
        <ele>25.63</ele>
      </trkpt>
      <trkpt lat="33.33620958030224" lon="130.44376390054822">
        <ele>25.81</ele>
      </trkpt>
      <trkpt lat="33.336467826738954" lon="130.4436993598938">
        <ele>26.02</ele>
      </trkpt>
      <trkpt lat="33.3367245644331" lon="130.4436351545155">
        <ele>26.21</ele>
      </trkpt>
      <trkpt lat="33.33698281086981" lon="130.44357061386108">
        <ele>26.4</ele>
      </trkpt>
      <trkpt lat="33.33725673146546" lon="130.44349777512252">
        <ele>26.55</ele>
      </trkpt>
      <trkpt lat="33.337530652061105" lon="130.443425020203">
        <ele>26.72</ele>
      </trkpt>
      <trkpt lat="33.33780457265675" lon="130.44335226528347">
        <ele>26.89</ele>
      </trkpt>
      <trkpt lat="33.3380784932524" lon="130.44327951036394">
        <ele>27.15</ele>
      </trkpt>
      <trkpt lat="33.33835610188544" lon="130.44320583343506">
        <ele>27.37</ele>
      </trkpt>
      <trkpt lat="33.33848484791815" lon="130.44318437576294">
        <ele>27.47</ele>
      </trkpt>
      <trkpt lat="33.338656509295106" lon="130.44312000274658">
        <ele>27.55</ele>
      </trkpt>
      <trkpt lat="33.33893470466137" lon="130.44304146431386">
        <ele>27.55</ele>
      </trkpt>
      <trkpt lat="33.33921290002763" lon="130.44296300970018">
        <ele>27.55</ele>
      </trkpt>
      <trkpt lat="33.33949335850775" lon="130.44288396835327">
        <ele>27.55</ele>
      </trkpt>
      <trkpt lat="33.33976442925632" lon="130.44280542992055">
        <ele>27.57</ele>
      </trkpt>
      <trkpt lat="33.34003550000489" lon="130.44272697530687">
        <ele>27.57</ele>
      </trkpt>
      <trkpt lat="33.34030875004828" lon="130.44264793395996">
        <ele>27.5</ele>
      </trkpt>
      <trkpt lat="33.3402334805578" lon="130.44236856512725">
        <ele>27.32</ele>
      </trkpt>
      <trkpt lat="33.34015829488635" lon="130.44208919629455">
        <ele>27.13</ele>
      </trkpt>
      <trkpt lat="33.3400831092149" lon="130.44180982746184">
        <ele>26.93</ele>
      </trkpt>
      <trkpt lat="33.34000834263861" lon="130.44153213500977">
        <ele>26.72</ele>
      </trkpt>
      <trkpt lat="33.339922511950135" lon="130.44125318527222">
        <ele>26.44</ele>
      </trkpt>
      <trkpt lat="33.339879512786865" lon="130.4410060029477">
        <ele>26.15</ele>
      </trkpt>
      <trkpt lat="33.33983668126166" lon="130.44075965881348">
        <ele>25.88</ele>
      </trkpt>
      <trkpt lat="33.33981513977051" lon="130.44041633605957">
        <ele>25.56</ele>
      </trkpt>
      <trkpt lat="33.33981522358954" lon="130.44041633605957">
        <ele>25.26</ele>
      </trkpt>
      <trkpt lat="33.33977222442627" lon="130.44009388424456">
        <ele>24.89</ele>
      </trkpt>
      <trkpt lat="33.33972939290106" lon="130.439772605896">
        <ele>24.51</ele>
      </trkpt>
      <trkpt lat="33.33969351835549" lon="130.43949315324426">
        <ele>24.13</ele>
      </trkpt>
      <trkpt lat="33.339657643809915" lon="130.43921370059252">
        <ele>23.83</ele>
      </trkpt>
      <trkpt lat="33.339622020721436" lon="130.43893575668335">
        <ele>23.53</ele>
      </trkpt>
      <trkpt lat="33.339611291885376" lon="130.4386240337044">
        <ele>23.24</ele>
      </trkpt>
      <trkpt lat="33.33960064686835" lon="130.4383134841919">
        <ele>22.88</ele>
      </trkpt>
      <trkpt lat="33.33962210454047" lon="130.43812036514282">
        <ele>22.47</ele>
      </trkpt>
      <trkpt lat="33.339632749557495" lon="130.43780327774584">
        <ele>22.03</ele>
      </trkpt>
      <trkpt lat="33.339643478393555" lon="130.43748619034886">
        <ele>21.59</ele>
      </trkpt>
      <trkpt lat="33.339654207229614" lon="130.43716910295188">
        <ele>21.22</ele>
      </trkpt>
      <trkpt lat="33.339664936065674" lon="130.4368543624878">
        <ele>20.81</ele>
      </trkpt>
      <trkpt lat="33.33964339457452" lon="130.4365372750908">
        <ele>20.47</ele>
      </trkpt>
      <trkpt lat="33.339621936902404" lon="130.43622018769383">
        <ele>20.07</ele>
      </trkpt>
      <trkpt lat="33.339600479230285" lon="130.43590310029685">
        <ele>19.62</ele>
      </trkpt>
      <trkpt lat="33.33957918919623" lon="130.43558835983276">
        <ele>19.29</ele>
      </trkpt>
      <trkpt lat="33.33953627385199" lon="130.4352879524231">
        <ele>19.07</ele>
      </trkpt>
      <trkpt lat="33.33949327468872" lon="130.4349977709353">
        <ele>18.85</ele>
      </trkpt>
      <trkpt lat="33.33945027552545" lon="130.4347075894475">
        <ele>18.62</ele>
      </trkpt>
      <trkpt lat="33.33940727636218" lon="130.4344174079597">
        <ele>18.41</ele>
      </trkpt>
      <trkpt lat="33.33936461247504" lon="130.43412923812866">
        <ele>18.25</ele>
      </trkpt>
      <trkpt lat="33.33930015563965" lon="130.43376445770264">
        <ele>18.2</ele>
      </trkpt>
      <trkpt lat="33.33918205462396" lon="130.43345298618078">
        <ele>18.01</ele>
      </trkpt>
      <trkpt lat="33.33906420506537" lon="130.43314218521118">
        <ele>17.77</ele>
      </trkpt>
      <trkpt lat="33.33888164721429" lon="130.43284169398248">
        <ele>17.61</ele>
      </trkpt>
      <trkpt lat="33.33869934082031" lon="130.43254137039185">
        <ele>17.55</ele>
      </trkpt>
      <trkpt lat="33.33862407132983" lon="130.43228345923126">
        <ele>17.53</ele>
      </trkpt>
      <trkpt lat="33.33854913711548" lon="130.432026386261">
        <ele>17.51</ele>
      </trkpt>
      <trkpt lat="33.33851686678827" lon="130.43174693360925">
        <ele>17.47</ele>
      </trkpt>
      <trkpt lat="33.33848484791815" lon="130.4314684867859">
        <ele>17.4</ele>
      </trkpt>
      <trkpt lat="33.33847403526306" lon="130.431167492643">
        <ele>17.32</ele>
      </trkpt>
      <trkpt lat="33.338463306427" lon="130.43086767196655">
        <ele>17.31</ele>
      </trkpt>
      <trkpt lat="33.33837755955756" lon="130.43061017990112">
        <ele>17.28</ele>
      </trkpt>
      <trkpt lat="33.3382701035589" lon="130.43040616437793">
        <ele>17.2</ele>
      </trkpt>
      <trkpt lat="33.338162899017334" lon="130.43020248413086">
        <ele>17.14</ele>
      </trkpt>
      <trkpt lat="33.338109171018004" lon="130.42995530180633">
        <ele>17.09</ele>
      </trkpt>
      <trkpt lat="33.33805561065674" lon="130.42970895767212">
        <ele>17.02</ele>
      </trkpt>
      <trkpt lat="33.33796977996826" lon="130.42966604232788">
        <ele>16.91</ele>
      </trkpt>
      <trkpt lat="33.33781957626343" lon="130.42943000793457">
        <ele>16.87</ele>
      </trkpt>
      <trkpt lat="33.33778730593622" lon="130.42922574095428">
        <ele>16.69</ele>
      </trkpt>
      <trkpt lat="33.33775520324707" lon="130.4290223121643">
        <ele>16.46</ele>
      </trkpt>
      <trkpt lat="33.337647914886475" lon="130.42874336242676">
        <ele>16.19</ele>
      </trkpt>
      <trkpt lat="33.33739050664008" lon="130.42861461639404">
        <ele>16.0</ele>
      </trkpt>
      <trkpt lat="33.337187161669135" lon="130.42863599024713">
        <ele>15.88</ele>
      </trkpt>
      <trkpt lat="33.33698272705078" lon="130.42865753173828">
        <ele>15.75</ele>
      </trkpt>
      <trkpt lat="33.33680075593293" lon="130.42870027944446">
        <ele>15.66</ele>
      </trkpt>
      <trkpt lat="33.336617946624756" lon="130.42874336242676">
        <ele>15.52</ele>
      </trkpt>
      <trkpt lat="33.336467910557985" lon="130.42885039933026">
        <ele>15.41</ele>
      </trkpt>
      <trkpt lat="33.33631753921509" lon="130.42895793914795">
        <ele>15.29</ele>
      </trkpt>
      <trkpt lat="33.33607672713697" lon="130.4290167801082">
        <ele>15.12</ele>
      </trkpt>
      <trkpt lat="33.33583599887788" lon="130.42907562106848">
        <ele>14.98</ele>
      </trkpt>
      <trkpt lat="33.335595270618796" lon="130.42913446202874">
        <ele>14.86</ele>
      </trkpt>
      <trkpt lat="33.33535202778876" lon="130.42919397354126">
        <ele>14.72</ele>
      </trkpt>
      <trkpt lat="33.33535194396973" lon="130.42919397354126">
        <ele>14.52</ele>
      </trkpt>
      <trkpt lat="33.335052290931344" lon="130.4292474500835">
        <ele>14.35</ele>
      </trkpt>
      <trkpt lat="33.33475112915039" lon="130.42930126190186">
        <ele>13.98</ele>
      </trkpt>
      <trkpt lat="33.33448139950633" lon="130.4292326979339">
        <ele>13.63</ele>
      </trkpt>
      <trkpt lat="33.3342117536813" lon="130.429164217785">
        <ele>13.42</ele>
      </trkpt>
      <trkpt lat="33.333942107856274" lon="130.4290957376361">
        <ele>13.17</ele>
      </trkpt>
      <trkpt lat="33.333672462031245" lon="130.42902725748718">
        <ele>12.93</ele>
      </trkpt>
      <trkpt lat="33.333399295806885" lon="130.42895793914795">
        <ele>12.65</ele>
      </trkpt>
      <trkpt lat="33.33328127861023" lon="130.42880773544312">
        <ele>12.29</ele>
      </trkpt>
      <trkpt lat="33.333163261413574" lon="130.42865753173828">
        <ele>11.92</ele>
      </trkpt>
      <trkpt lat="33.33292454481125" lon="130.42871637269855">
        <ele>11.55</ele>
      </trkpt>
      <trkpt lat="33.332685912027955" lon="130.4287752136588">
        <ele>11.28</ele>
      </trkpt>
      <trkpt lat="33.33244535140693" lon="130.4288346413523">
        <ele>11.09</ele>
      </trkpt>
      <trkpt lat="33.332683984190226" lon="130.428775716573">
        <ele>10.76</ele>
      </trkpt>
      <trkpt lat="33.33292270079255" lon="130.42871687561274">
        <ele>10.52</ele>
      </trkpt>
      <trkpt lat="33.333163345232606" lon="130.42865753173828">
        <ele>10.37</ele>
      </trkpt>
      <trkpt lat="33.33309888839722" lon="130.42850732803345">
        <ele>10.13</ele>
      </trkpt>
      <trkpt lat="33.33306301385164" lon="130.42822066694498">
        <ele>9.96</ele>
      </trkpt>
      <trkpt lat="33.3330272231251" lon="130.42793408967555">
        <ele>9.79</ele>
      </trkpt>
      <trkpt lat="33.33299160003662" lon="130.42764902114868">
        <ele>9.57</ele>
      </trkpt>
      <trkpt lat="33.33298087120056" lon="130.42729429900646">
        <ele>9.33</ele>
      </trkpt>
      <trkpt lat="33.332970226183534" lon="130.42694091796875">
        <ele>9.22</ele>
      </trkpt>
      <trkpt lat="33.332948768511415" lon="130.42685508728027">
        <ele>9.1</ele>
      </trkpt>
      <trkpt lat="33.332948768511415" lon="130.4265546798706">
        <ele>8.99</ele>
      </trkpt>
      <trkpt lat="33.33293443545699" lon="130.42621781118214">
        <ele>8.91</ele>
      </trkpt>
      <trkpt lat="33.33292010240257" lon="130.4258810263127">
        <ele>8.81</ele>
      </trkpt>
      <trkpt lat="33.332905853167176" lon="130.425546169281">
        <ele>8.76</ele>
      </trkpt>
      <trkpt lat="33.332895040512085" lon="130.42516990564764">
        <ele>8.63</ele>
      </trkpt>
      <trkpt lat="33.33288439549506" lon="130.42479515075684">
        <ele>8.71</ele>
      </trkpt>
      <trkpt lat="33.33312688395381" lon="130.42480939999223">
        <ele>8.69</ele>
      </trkpt>
      <trkpt lat="33.33336937241256" lon="130.42482364922762">
        <ele>8.87</ele>
      </trkpt>
      <trkpt lat="33.33361395634711" lon="130.42483806610107">
        <ele>9.14</ele>
      </trkpt>
      <trkpt lat="33.333827862516046" lon="130.42485943995416">
        <ele>9.35</ele>
      </trkpt>
      <trkpt lat="33.33404310978949" lon="130.4248809814453">
        <ele>9.56</ele>
      </trkpt>
      <trkpt lat="33.334264140576124" lon="130.4249094799161">
        <ele>9.8</ele>
      </trkpt>
      <trkpt lat="33.33448525518179" lon="130.42493797838688">
        <ele>10.12</ele>
      </trkpt>
      <trkpt lat="33.33470821380615" lon="130.4249668121338">
        <ele>10.5</ele>
      </trkpt>
      <trkpt lat="33.33501842804253" lon="130.42495608329773">
        <ele>10.87</ele>
      </trkpt>
      <trkpt lat="33.33533048629761" lon="130.42494535446167">
        <ele>11.2</ele>
      </trkpt>
      <trkpt lat="33.33533057011664" lon="130.42494535446167">
        <ele>11.68</ele>
      </trkpt>
      <trkpt lat="33.33558730781078" lon="130.42492389678955">
        <ele>12.18</ele>
      </trkpt>
      <trkpt lat="33.33584404550493" lon="130.42490252293646">
        <ele>12.83</ele>
      </trkpt>
      <trkpt lat="33.33610304631293" lon="130.4248809814453">
        <ele>13.47</ele>
      </trkpt>
      <trkpt lat="33.33640253171325" lon="130.4248595237732">
        <ele>14.19</ele>
      </trkpt>
      <trkpt lat="33.3367021009326" lon="130.4248381499201">
        <ele>15.02</ele>
      </trkpt>
      <trkpt lat="33.33700167015195" lon="130.42481677606702">
        <ele>15.77</ele>
      </trkpt>
      <trkpt lat="33.33730115555227" lon="130.4247953183949">
        <ele>16.51</ele>
      </trkpt>
      <trkpt lat="33.337604999542236" lon="130.42477369308472">
        <ele>17.25</ele>
      </trkpt>
      <trkpt lat="33.33753693848848" lon="130.42444051243365">
        <ele>17.9</ele>
      </trkpt>
      <trkpt lat="33.33746887743473" lon="130.4241074156016">
        <ele>18.56</ele>
      </trkpt>
      <trkpt lat="33.33740081638098" lon="130.42377431876957">
        <ele>19.26</ele>
      </trkpt>
      <trkpt lat="33.337332755327225" lon="130.4234411381185">
        <ele>19.84</ele>
      </trkpt>
      <trkpt lat="33.3372647780925" lon="130.42310804128647">
        <ele>20.78</ele>
      </trkpt>
      <trkpt lat="33.337197387591004" lon="130.42277812957764">
        <ele>21.77</ele>
      </trkpt>
      <trkpt lat="33.337175929918885" lon="130.4226279258728">
        <ele>22.46</ele>
      </trkpt>
      <trkpt lat="33.337111389264464" lon="130.42235928587615">
        <ele>23.11</ele>
      </trkpt>
      <trkpt lat="33.33704718388617" lon="130.42209148406982">
        <ele>23.66</ele>
      </trkpt>
      <trkpt lat="33.3370041847229" lon="130.4218443017453">
        <ele>24.06</ele>
      </trkpt>
      <trkpt lat="33.336961353197694" lon="130.42159795761108">
        <ele>24.39</ele>
      </trkpt>
      <trkpt lat="33.33690460771322" lon="130.4213374480605">
        <ele>24.62</ele>
      </trkpt>
      <trkpt lat="33.33684794604778" lon="130.42107693850994">
        <ele>24.84</ele>
      </trkpt>
      <trkpt lat="33.33679161965847" lon="130.42081768624485">
        <ele>25.09</ele>
      </trkpt>
      <trkpt lat="33.33674669265747" lon="130.4206109046936">
        <ele>25.3</ele>
      </trkpt>
      <trkpt lat="33.336675027385354" lon="130.42036020196974">
        <ele>25.52</ele>
      </trkpt>
      <trkpt lat="33.33660344593227" lon="130.42010949924588">
        <ele>25.68</ele>
      </trkpt>
      <trkpt lat="33.33653219975531" lon="130.41985988616943">
        <ele>25.81</ele>
      </trkpt>
      <trkpt lat="33.33643186837435" lon="130.41958772577345">
        <ele>25.91</ele>
      </trkpt>
      <trkpt lat="33.336331620812416" lon="130.4193156491965">
        <ele>25.85</ele>
      </trkpt>
      <trkpt lat="33.33623170852661" lon="130.4190444946289">
        <ele>25.8</ele>
      </trkpt>
      <trkpt lat="33.33613506518304" lon="130.4188404791057">
        <ele>25.79</ele>
      </trkpt>
      <trkpt lat="33.33603867329657" lon="130.41863679885864">
        <ele>25.75</ele>
      </trkpt>
      <trkpt lat="33.335924092680216" lon="130.4184149298817">
        <ele>25.64</ele>
      </trkpt>
      <trkpt lat="33.33580959588289" lon="130.41819306090474">
        <ele>25.5</ele>
      </trkpt>
      <trkpt lat="33.335695350542665" lon="130.41797161102295">
        <ele>25.33</ele>
      </trkpt>
      <trkpt lat="33.33569526672363" lon="130.41797161102295">
        <ele>25.2</ele>
      </trkpt>
      <trkpt lat="33.335530646145344" lon="130.4176638275385">
        <ele>25.01</ele>
      </trkpt>
      <trkpt lat="33.33536610938609" lon="130.41735612787306">
        <ele>24.81</ele>
      </trkpt>
      <trkpt lat="33.335201824083924" lon="130.41704893112183">
        <ele>24.63</ele>
      </trkpt>
      <trkpt lat="33.33508372306824" lon="130.41684499941766">
        <ele>24.49</ele>
      </trkpt>
      <trkpt lat="33.33496570587158" lon="130.41664123535156">
        <ele>24.41</ele>
      </trkpt>
      <trkpt lat="33.33479404449463" lon="130.41676998138428">
        <ele>24.41</ele>
      </trkpt>
      <trkpt lat="33.334665298461914" lon="130.41676998138428">
        <ele>24.41</ele>
      </trkpt>
      <trkpt lat="33.33445105701685" lon="130.41663067415357">
        <ele>24.42</ele>
      </trkpt>
      <trkpt lat="33.33423614501953" lon="130.41649103164673">
        <ele>24.34</ele>
      </trkpt>
      <trkpt lat="33.33400011062622" lon="130.4164695739746">
        <ele>24.31</ele>
      </trkpt>
      <trkpt lat="33.33375711925328" lon="130.4166910238564">
        <ele>24.44</ele>
      </trkpt>
      <trkpt lat="33.33351421169937" lon="130.4169124737382">
        <ele>24.61</ele>
      </trkpt>
      <trkpt lat="33.33327054977417" lon="130.4171347618103">
        <ele>24.72</ele>
      </trkpt>
      <trkpt lat="33.33323576487601" lon="130.41717725805938">
        <ele>24.73</ele>
      </trkpt>
      <trkpt lat="33.33327054977417" lon="130.4171347618103">
        <ele>24.72</ele>
      </trkpt>
      <trkpt lat="33.33351345732808" lon="130.41691322810948">
        <ele>24.63</ele>
      </trkpt>
      <trkpt lat="33.33375636488199" lon="130.4166917782277">
        <ele>24.47</ele>
      </trkpt>
      <trkpt lat="33.33400011062622" lon="130.4164695739746">
        <ele>24.31</ele>
      </trkpt>
      <trkpt lat="33.33423614501953" lon="130.41649103164673">
        <ele>24.34</ele>
      </trkpt>
      <trkpt lat="33.334450302645564" lon="130.4166302550584">
        <ele>24.45</ele>
      </trkpt>
      <trkpt lat="33.334665298461914" lon="130.41676998138428">
        <ele>24.41</ele>
      </trkpt>
      <trkpt lat="33.33479404449463" lon="130.41676998138428">
        <ele>24.41</ele>
      </trkpt>
      <trkpt lat="33.334965789690614" lon="130.41664123535156">
        <ele>24.39</ele>
      </trkpt>
      <trkpt lat="33.33508380688727" lon="130.4168450832367">
        <ele>24.45</ele>
      </trkpt>
      <trkpt lat="33.335201824083924" lon="130.41704893112183">
        <ele>24.63</ele>
      </trkpt>
      <trkpt lat="33.33536636084318" lon="130.41735663078725">
        <ele>24.7</ele>
      </trkpt>
      <trkpt lat="33.33553089760244" lon="130.41766433045268">
        <ele>24.84</ele>
      </trkpt>
      <trkpt lat="33.33569526672363" lon="130.41797161102295">
        <ele>25.2</ele>
      </trkpt>
      <trkpt lat="33.335695350542665" lon="130.41797161102295">
        <ele>25.33</ele>
      </trkpt>
      <trkpt lat="33.33580984733999" lon="130.41819339618087">
        <ele>25.15</ele>
      </trkpt>
      <trkpt lat="33.33592434413731" lon="130.41841526515782">
        <ele>25.2</ele>
      </trkpt>
      <trkpt lat="33.33603867329657" lon="130.41863679885864">
        <ele>25.75</ele>
      </trkpt>
      <trkpt lat="33.33613523282111" lon="130.4188407305628">
        <ele>25.18</ele>
      </trkpt>
      <trkpt lat="33.33623170852661" lon="130.4190444946289">
        <ele>25.8</ele>
      </trkpt>
      <trkpt lat="33.33633195608854" lon="130.41931657120585">
        <ele>25.06</ele>
      </trkpt>
      <trkpt lat="33.336432203650475" lon="130.4195886477828">
        <ele>25.02</ele>
      </trkpt>
      <trkpt lat="33.33653219975531" lon="130.41985988616943">
        <ele>25.81</ele>
      </trkpt>
      <trkpt lat="33.336603781208396" lon="130.42011050507426">
        <ele>24.58</ele>
      </trkpt>
      <trkpt lat="33.33667536266148" lon="130.42036120779812">
        <ele>24.33</ele>
      </trkpt>
      <trkpt lat="33.33674669265747" lon="130.4206109046936">
        <ele>25.3</ele>
      </trkpt>
      <trkpt lat="33.33681835792959" lon="130.42094039730728">
        <ele>23.74</ele>
      </trkpt>
      <trkpt lat="33.336890023201704" lon="130.42126988992095">
        <ele>23.48</ele>
      </trkpt>
      <trkpt lat="33.336961353197694" lon="130.42159795761108">
        <ele>24.39</ele>
      </trkpt>
      <trkpt lat="33.33700426854193" lon="130.42184505611658">
        <ele>22.95</ele>
      </trkpt>
      <trkpt lat="33.33704718388617" lon="130.42209148406982">
        <ele>23.66</ele>
      </trkpt>
      <trkpt lat="33.33711164072156" lon="130.42236004024744">
        <ele>22.12</ele>
      </trkpt>
      <trkpt lat="33.337175929918885" lon="130.4226279258728">
        <ele>22.46</ele>
      </trkpt>
      <trkpt lat="33.337197387591004" lon="130.42277812957764">
        <ele>21.77</ele>
      </trkpt>
      <trkpt lat="33.337265364825726" lon="130.42311122640967">
        <ele>20.19</ele>
      </trkpt>
      <trkpt lat="33.33733342587948" lon="130.4234443232417">
        <ele>19.46</ele>
      </trkpt>
      <trkpt lat="33.33740148693323" lon="130.42377742007375">
        <ele>19.13</ele>
      </trkpt>
      <trkpt lat="33.337469547986984" lon="130.42411060072482">
        <ele>18.71</ele>
      </trkpt>
      <trkpt lat="33.33753760904074" lon="130.42444369755685">
        <ele>18.39</ele>
      </trkpt>
      <trkpt lat="33.337604999542236" lon="130.42477369308472">
        <ele>17.25</ele>
      </trkpt>
      <trkpt lat="33.337905406951904" lon="130.42468786239624">
        <ele>17.82</ele>
      </trkpt>
      <trkpt lat="33.33816952072084" lon="130.42452357709408">
        <ele>17.63</ele>
      </trkpt>
      <trkpt lat="33.338433718308806" lon="130.42435937561095">
        <ele>17.55</ele>
      </trkpt>
      <trkpt lat="33.338699424639344" lon="130.4241943359375">
        <ele>17.32</ele>
      </trkpt>
      <trkpt lat="33.33895683288574" lon="130.42404413223267">
        <ele>16.93</ele>
      </trkpt>
      <trkpt lat="33.338956916704774" lon="130.42404413223267">
        <ele>16.92</ele>
      </trkpt>
      <trkpt lat="33.33912857808173" lon="130.4239583015442">
        <ele>16.84</ele>
      </trkpt>
      <trkpt lat="33.339421106502414" lon="130.42382268235087">
        <ele>17.25</ele>
      </trkpt>
      <trkpt lat="33.33971371874213" lon="130.42368706315756">
        <ele>17.76</ele>
      </trkpt>
      <trkpt lat="33.34000834263861" lon="130.42355060577393">
        <ele>18.1</ele>
      </trkpt>
      <trkpt lat="33.34027949720621" lon="130.4234363604337">
        <ele>18.34</ele>
      </trkpt>
      <trkpt lat="33.34055065177381" lon="130.4233221989125">
        <ele>18.6</ele>
      </trkpt>
      <trkpt lat="33.34082373417914" lon="130.42320728302002">
        <ele>18.95</ele>
      </trkpt>
      <trkpt lat="33.34108608774841" lon="130.42304660193622">
        <ele>19.39</ele>
      </trkpt>
      <trkpt lat="33.34134844131768" lon="130.42288600467145">
        <ele>19.92</ele>
      </trkpt>
      <trkpt lat="33.34161079488695" lon="130.42272532358766">
        <ele>20.47</ele>
      </trkpt>
      <trkpt lat="33.34187516011298" lon="130.42256355285645">
        <ele>20.99</ele>
      </trkpt>
      <trkpt lat="33.34198244847357" lon="130.42247772216797">
        <ele>21.59</ele>
      </trkpt>
      <trkpt lat="33.34218068048358" lon="130.42228477075696">
        <ele>22.26</ele>
      </trkpt>
      <trkpt lat="33.34237899631262" lon="130.42209181934595">
        <ele>22.99</ele>
      </trkpt>
      <trkpt lat="33.34257731214166" lon="130.42189886793494">
        <ele>23.74</ele>
      </trkpt>
      <trkpt lat="33.34277638234198" lon="130.42170524597168">
        <ele>24.51</ele>
      </trkpt>
      <trkpt lat="33.342990623787045" lon="130.42150693014264">
        <ele>25.24</ele>
      </trkpt>
      <trkpt lat="33.34320494905114" lon="130.42130869813263">
        <ele>25.89</ele>
      </trkpt>
      <trkpt lat="33.34341927431524" lon="130.4211103823036">
        <ele>26.56</ele>
      </trkpt>
      <trkpt lat="33.343634605407715" lon="130.42091131210327">
        <ele>27.32</ele>
      </trkpt>
      <trkpt lat="33.34384876303375" lon="130.42077200487256">
        <ele>28.06</ele>
      </trkpt>
      <trkpt lat="33.3440637588501" lon="130.42063236236572">
        <ele>28.59</ele>
      </trkpt>
      <trkpt lat="33.34434203803539" lon="130.42052532546222">
        <ele>29.08</ele>
      </trkpt>
      <trkpt lat="33.344621658325195" lon="130.42041778564453">
        <ele>29.61</ele>
      </trkpt>
      <trkpt lat="33.3448891248554" lon="130.42038031853735">
        <ele>30.26</ele>
      </trkpt>
      <trkpt lat="33.3451565913856" lon="130.42034285143018">
        <ele>30.85</ele>
      </trkpt>
      <trkpt lat="33.34542414173484" lon="130.420305384323">
        <ele>31.31</ele>
      </trkpt>
      <trkpt lat="33.345694625750184" lon="130.4202675819397">
        <ele>31.72</ele>
      </trkpt>
      <trkpt lat="33.34598128683865" lon="130.42024184949696">
        <ele>31.83</ele>
      </trkpt>
      <trkpt lat="33.34626803174615" lon="130.42021620087326">
        <ele>31.71</ele>
      </trkpt>
      <trkpt lat="33.34655477665365" lon="130.42019055224955">
        <ele>31.48</ele>
      </trkpt>
      <trkpt lat="33.346841521561146" lon="130.4201648198068">
        <ele>31.36</ele>
      </trkpt>
      <trkpt lat="33.34713228978217" lon="130.42013883590698">
        <ele>31.16</ele>
      </trkpt>
      <trkpt lat="33.347346279770136" lon="130.42007454670966">
        <ele>30.91</ele>
      </trkpt>
      <trkpt lat="33.347560269758105" lon="130.42001034133136">
        <ele>30.62</ele>
      </trkpt>
      <trkpt lat="33.34777593612671" lon="130.4199457168579">
        <ele>30.3</ele>
      </trkpt>
      <trkpt lat="33.34777601994574" lon="130.4199457168579">
        <ele>30.03</ele>
      </trkpt>
      <trkpt lat="33.34803996607661" lon="130.4198386799544">
        <ele>29.61</ele>
      </trkpt>
      <trkpt lat="33.348303996026516" lon="130.4197316430509">
        <ele>29.17</ele>
      </trkpt>
      <trkpt lat="33.34856802597642" lon="130.4196246061474">
        <ele>28.86</ele>
      </trkpt>
      <trkpt lat="33.34883205592632" lon="130.4195175692439">
        <ele>28.79</ele>
      </trkpt>
      <trkpt lat="33.349096085876226" lon="130.4194105323404">
        <ele>28.75</ele>
      </trkpt>
      <trkpt lat="33.34936388768256" lon="130.41930198669434">
        <ele>28.69</ele>
      </trkpt>
      <trkpt lat="33.34959992207587" lon="130.41919469833374">
        <ele>28.64</ele>
      </trkpt>
      <trkpt lat="33.34977116435766" lon="130.41909830644727">
        <ele>28.69</ele>
      </trkpt>
      <trkpt lat="33.349943244829774" lon="130.41900157928467">
        <ele>28.75</ele>
      </trkpt>
      <trkpt lat="33.35015740245581" lon="130.41886227205396">
        <ele>28.85</ele>
      </trkpt>
      <trkpt lat="33.35037239827216" lon="130.41872262954712">
        <ele>29.15</ele>
      </trkpt>
      <trkpt lat="33.350629387423396" lon="130.4185404907912">
        <ele>29.4</ele>
      </trkpt>
      <trkpt lat="33.350887298583984" lon="130.4183578491211">
        <ele>29.68</ele>
      </trkpt>
      <trkpt lat="33.350887382403016" lon="130.4183578491211">
        <ele>30.0</ele>
      </trkpt>
      <trkpt lat="33.35113372653723" lon="130.41818643920124">
        <ele>30.41</ele>
      </trkpt>
      <trkpt lat="33.351380908861756" lon="130.4180145263672">
        <ele>30.84</ele>
      </trkpt>
      <trkpt lat="33.351380825042725" lon="130.4180145263672">
        <ele>31.31</ele>
      </trkpt>
      <trkpt lat="33.351445281878114" lon="130.4183726850897">
        <ele>31.89</ele>
      </trkpt>
      <trkpt lat="33.351509822532535" lon="130.41873092763126">
        <ele>32.5</ele>
      </trkpt>
      <trkpt lat="33.35157402791083" lon="130.41908740997314">
        <ele>33.21</ele>
      </trkpt>
      <trkpt lat="33.35161694325507" lon="130.41940977796912">
        <ele>33.72</ele>
      </trkpt>
      <trkpt lat="33.351659858599305" lon="130.41973114013672">
        <ele>34.22</ele>
      </trkpt>
      <trkpt lat="33.351708222180605" lon="130.42006423696876">
        <ele>34.71</ele>
      </trkpt>
      <trkpt lat="33.351756585761905" lon="130.42039741761982">
        <ele>35.62</ele>
      </trkpt>
      <trkpt lat="33.351804949343204" lon="130.4207305982709">
        <ele>36.43</ele>
      </trkpt>
      <trkpt lat="33.35185297764838" lon="130.4210615158081">
        <ele>37.2</ele>
      </trkpt>
      <trkpt lat="33.351917350664735" lon="130.42136192321777">
        <ele>37.99</ele>
      </trkpt>
      <trkpt lat="33.35201391018927" lon="130.42166266590357">
        <ele>38.87</ele>
      </trkpt>
      <trkpt lat="33.352110385894775" lon="130.4219627380371">
        <ele>39.82</ele>
      </trkpt>
      <trkpt lat="33.35220702923834" lon="130.4221559409052">
        <ele>40.62</ele>
      </trkpt>
      <trkpt lat="33.35230358876288" lon="130.42234897613525">
        <ele>41.35</ele>
      </trkpt>
      <trkpt lat="33.352459240704775" lon="130.42266028001904">
        <ele>42.09</ele>
      </trkpt>
      <trkpt lat="33.35261489264667" lon="130.42297158390284">
        <ele>42.85</ele>
      </trkpt>
      <trkpt lat="33.352770544588566" lon="130.42328288778663">
        <ele>43.51</ele>
      </trkpt>
      <trkpt lat="33.352925861254334" lon="130.42359352111816">
        <ele>43.99</ele>
      </trkpt>
      <trkpt lat="33.35304387845099" lon="130.4238296393305">
        <ele>44.38</ele>
      </trkpt>
      <trkpt lat="33.353161895647645" lon="130.42406558990479">
        <ele>44.79</ele>
      </trkpt>
      <trkpt lat="33.35330145433545" lon="130.42437689378858">
        <ele>45.09</ele>
      </trkpt>
      <trkpt lat="33.353440845385194" lon="130.42468786239624">
        <ele>45.34</ele>
      </trkpt>
      <trkpt lat="33.35350521840155" lon="130.42494535446167">
        <ele>45.66</ele>
      </trkpt>
      <trkpt lat="33.35350513458252" lon="130.42517099529505">
        <ele>45.97</ele>
      </trkpt>
      <trkpt lat="33.35350513458252" lon="130.42539596557617">
        <ele>46.19</ele>
      </trkpt>
      <trkpt lat="33.3534889575094" lon="130.42576141655445">
        <ele>46.24</ele>
      </trkpt>
      <trkpt lat="33.35347286425531" lon="130.42612686753273">
        <ele>46.22</ele>
      </trkpt>
      <trkpt lat="33.35345677100122" lon="130.426492318511">
        <ele>46.22</ele>
      </trkpt>
      <trkpt lat="33.353440845385194" lon="130.42685508728027">
        <ele>46.16</ele>
      </trkpt>
      <trkpt lat="33.3534300327301" lon="130.42708072811365">
        <ele>46.12</ele>
      </trkpt>
      <trkpt lat="33.353419387713075" lon="130.42730569839478">
        <ele>46.07</ele>
      </trkpt>
      <trkpt lat="33.35341930389404" lon="130.42730569839478">
        <ele>46.09</ele>
      </trkpt>
      <trkpt lat="33.3534300327301" lon="130.4276496078819">
        <ele>46.1</ele>
      </trkpt>
      <trkpt lat="33.353440845385194" lon="130.4279923439026">
        <ele>46.15</ele>
      </trkpt>
      <trkpt lat="33.35348376072943" lon="130.42816400527954">
        <ele>46.24</ele>
      </trkpt>
      <trkpt lat="33.35354821756482" lon="130.4284218326211">
        <ele>46.36</ele>
      </trkpt>
      <trkpt lat="33.35361250676215" lon="130.4286789894104">
        <ele>46.56</ele>
      </trkpt>
      <trkpt lat="33.353666150942445" lon="130.42890463024378">
        <ele>46.88</ele>
      </trkpt>
      <trkpt lat="33.35371979512274" lon="130.4291296005249">
        <ele>47.15</ele>
      </trkpt>
      <trkpt lat="33.353798585012555" lon="130.4294805508107">
        <ele>47.49</ele>
      </trkpt>
      <trkpt lat="33.35387737490237" lon="130.42983158491552">
        <ele>47.93</ele>
      </trkpt>
      <trkpt lat="33.35395582951605" lon="130.43018102645874">
        <ele>48.47</ele>
      </trkpt>
      <trkpt lat="33.35404710844159" lon="130.4305247683078">
        <ele>49.02</ele>
      </trkpt>
      <trkpt lat="33.35413847118616" lon="130.4308685939759">
        <ele>49.54</ele>
      </trkpt>
      <trkpt lat="33.3542297501117" lon="130.431212419644">
        <ele>50.1</ele>
      </trkpt>
      <trkpt lat="33.35432060994208" lon="130.43155431747437">
        <ele>50.8</ele>
      </trkpt>
      <trkpt lat="33.35432052612305" lon="130.43155431747437">
        <ele>51.37</ele>
      </trkpt>
      <trkpt lat="33.354406440630555" lon="130.43183360248804">
        <ele>52.2</ele>
      </trkpt>
      <trkpt lat="33.354492438957095" lon="130.43211288750172">
        <ele>52.93</ele>
      </trkpt>
      <trkpt lat="33.3545783534646" lon="130.4323921725154">
        <ele>53.4</ele>
      </trkpt>
      <trkpt lat="33.354663932695985" lon="130.43267011642456">
        <ele>53.69</ele>
      </trkpt>
      <trkpt lat="33.35466384887695" lon="130.43267011642456">
        <ele>54.25</ele>
      </trkpt>
      <trkpt lat="33.354846155270934" lon="130.43290606699884">
        <ele>54.65</ele>
      </trkpt>
      <trkpt lat="33.35502862930298" lon="130.43314218521118">
        <ele>55.15</ele>
      </trkpt>
      <trkpt lat="33.355242954567075" lon="130.43333505280316">
        <ele>55.71</ele>
      </trkpt>
      <trkpt lat="33.35545727983117" lon="130.43352792039514">
        <ele>56.29</ele>
      </trkpt>
      <trkpt lat="33.35567235946655" lon="130.4337215423584">
        <ele>56.88</ele>
      </trkpt>
      <trkpt lat="33.35580110549927" lon="130.43389311991632">
        <ele>57.36</ele>
      </trkpt>
      <trkpt lat="33.355929935351014" lon="130.4340648651123">
        <ele>57.73</ele>
      </trkpt>
      <trkpt lat="33.35592985153198" lon="130.4340648651123">
        <ele>58.03</ele>
      </trkpt>
      <trkpt lat="33.35603722371161" lon="130.4343225248158">
        <ele>58.25</ele>
      </trkpt>
      <trkpt lat="33.356144428253174" lon="130.43457984924316">
        <ele>58.51</ele>
      </trkpt>
      <trkpt lat="33.35616588592529" lon="130.43489148840308">
        <ele>58.82</ele>
      </trkpt>
      <trkpt lat="33.356187427416444" lon="130.43520212173462">
        <ele>59.08</ele>
      </trkpt>
      <trkpt lat="33.35618734359741" lon="130.43520212173462">
        <ele>58.94</ele>
      </trkpt>
      <trkpt lat="33.356201592832804" lon="130.43553169816732">
        <ele>58.8</ele>
      </trkpt>
      <trkpt lat="33.35621592588723" lon="130.43586135841906">
        <ele>58.2</ele>
      </trkpt>
      <trkpt lat="33.35623025894165" lon="130.4361891746521">
        <ele>57.51</ele>
      </trkpt>
      <trkpt lat="33.35628398694098" lon="130.43655454181135">
        <ele>56.77</ele>
      </trkpt>
      <trkpt lat="33.35633771494031" lon="130.4369199089706">
        <ele>56.17</ele>
      </trkpt>
      <trkpt lat="33.35639152675867" lon="130.43728535994887">
        <ele>55.3</ele>
      </trkpt>
      <trkpt lat="33.35644491948187" lon="130.4376482963562">
        <ele>54.38</ele>
      </trkpt>
      <trkpt lat="33.35644483566284" lon="130.4376482963562">
        <ele>53.61</ele>
      </trkpt>
      <trkpt lat="33.35648783482611" lon="130.43793839402497">
        <ele>52.72</ele>
      </trkpt>
      <trkpt lat="33.35653075017035" lon="130.43822765350342">
        <ele>51.93</ele>
      </trkpt>
      <trkpt lat="33.35654499940574" lon="130.438485564664">
        <ele>51.09</ele>
      </trkpt>
      <trkpt lat="33.356559332460165" lon="130.43874355964363">
        <ele>50.24</ele>
      </trkpt>
      <trkpt lat="33.35657366551459" lon="130.4390001296997">
        <ele>49.43</ele>
      </trkpt>
      <trkpt lat="33.35661658085883" lon="130.4393547680229">
        <ele>48.74</ele>
      </trkpt>
      <trkpt lat="33.356659496203065" lon="130.43970823287964">
        <ele>48.01</ele>
      </trkpt>
      <trkpt lat="33.35665941238403" lon="130.43970823287964">
        <ele>47.33</ele>
      </trkpt>
      <trkpt lat="33.356659496203065" lon="130.43970823287964">
        <ele>48.01</ele>
      </trkpt>
      <trkpt lat="33.356680953875184" lon="130.43998768553138">
        <ele>46.01</ele>
      </trkpt>
      <trkpt lat="33.3567024115473" lon="130.44026613235474">
        <ele>45.4</ele>
      </trkpt>
      <trkpt lat="33.35670232772827" lon="130.44026613235474">
        <ele>44.92</ele>
      </trkpt>
      <trkpt lat="33.35671305656433" lon="130.44063158333302">
        <ele>44.71</ele>
      </trkpt>
      <trkpt lat="33.35672386921942" lon="130.4409956932068">
        <ele>44.41</ele>
      </trkpt>
      <trkpt lat="33.35671842098236" lon="130.44131269678473">
        <ele>43.98</ele>
      </trkpt>
      <trkpt lat="33.35671305656433" lon="130.4416297841817">
        <ele>43.61</ele>
      </trkpt>
      <trkpt lat="33.3567076921463" lon="130.4419468715787">
        <ele>43.39</ele>
      </trkpt>
      <trkpt lat="33.3567024115473" lon="130.44226169586182">
        <ele>43.17</ele>
      </trkpt>
      <trkpt lat="33.35672386921942" lon="130.4424873366952">
        <ele>43.05</ele>
      </trkpt>
      <trkpt lat="33.35674532689154" lon="130.44271230697632">
        <ele>43.03</ele>
      </trkpt>
      <trkpt lat="33.35680978372693" lon="130.44302034191787">
        <ele>43.12</ele>
      </trkpt>
      <trkpt lat="33.35687424056232" lon="130.44332837685943">
        <ele>43.31</ele>
      </trkpt>
      <trkpt lat="33.356938445940614" lon="130.44363498687744">
        <ele>43.49</ele>
      </trkpt>
      <trkpt lat="33.35698136128485" lon="130.44387102127075">
        <ele>43.63</ele>
      </trkpt>
      <trkpt lat="33.357060151174664" lon="130.44422197155654">
        <ele>43.87</ele>
      </trkpt>
      <trkpt lat="33.35713894106448" lon="130.44457300566137">
        <ele>44.47</ele>
      </trkpt>
      <trkpt lat="33.35721739567816" lon="130.4449224472046">
        <ele>44.99</ele>
      </trkpt>
      <trkpt lat="33.35729258134961" lon="130.44516946189106">
        <ele>45.48</ele>
      </trkpt>
      <trkpt lat="33.357367599383" lon="130.44541597366333">
        <ele>45.99</ele>
      </trkpt>
      <trkpt lat="33.357421243563294" lon="130.4456093441695">
        <ele>46.44</ele>
      </trkpt>
      <trkpt lat="33.35747488774359" lon="130.44580221176147">
        <ele>46.88</ele>
      </trkpt>
      <trkpt lat="33.35754646919668" lon="130.44607437215745">
        <ele>47.25</ele>
      </trkpt>
      <trkpt lat="33.357618134468794" lon="130.44634653255343">
        <ele>47.55</ele>
      </trkpt>
      <trkpt lat="33.357689464464784" lon="130.446617603302">
        <ele>47.77</ele>
      </trkpt>
      <trkpt lat="33.35774855688214" lon="130.44691842980683">
        <ele>47.95</ele>
      </trkpt>
      <trkpt lat="33.3578076492995" lon="130.4472193401307">
        <ele>48.18</ele>
      </trkpt>
      <trkpt lat="33.35786674171686" lon="130.44752025045455">
        <ele>48.41</ele>
      </trkpt>
      <trkpt lat="33.357925498858094" lon="130.44781923294067">
        <ele>48.64</ele>
      </trkpt>
      <trkpt lat="33.35802214220166" lon="130.44816297478974">
        <ele>49.0</ele>
      </trkpt>
      <trkpt lat="33.35811886936426" lon="130.44850680045784">
        <ele>49.35</ele>
      </trkpt>
      <trkpt lat="33.35821551270783" lon="130.4488505423069">
        <ele>49.5</ele>
      </trkpt>
      <trkpt lat="33.35831173695624" lon="130.4491925239563">
        <ele>49.66</ele>
      </trkpt>
      <trkpt lat="33.35844769142568" lon="130.44949309900403">
        <ele>49.96</ele>
      </trkpt>
      <trkpt lat="33.35858364589512" lon="130.4497937578708">
        <ele>50.17</ele>
      </trkpt>
      <trkpt lat="33.35871934890747" lon="130.4500937461853">
        <ele>50.35</ele>
      </trkpt>
      <trkpt lat="33.35888388566673" lon="130.45037990435958">
        <ele>50.63</ele>
      </trkpt>
      <trkpt lat="33.35904850624502" lon="130.45066606253386">
        <ele>50.89</ele>
      </trkpt>
      <trkpt lat="33.35921295918524" lon="130.45095205307007">
        <ele>51.07</ele>
      </trkpt>
      <trkpt lat="33.35934170521796" lon="130.4512095451355">
        <ele>51.34</ele>
      </trkpt>
      <trkpt lat="33.359341621398926" lon="130.4512095451355">
        <ele>51.62</ele>
      </trkpt>
      <trkpt lat="33.3595276158303" lon="130.45150282792747">
        <ele>51.96</ele>
      </trkpt>
      <trkpt lat="33.35971361026168" lon="130.45179611071944">
        <ele>52.28</ele>
      </trkpt>
      <trkpt lat="33.359899604693055" lon="130.45208939351141">
        <ele>52.65</ele>
      </trkpt>
      <trkpt lat="33.36008559912443" lon="130.4523826763034">
        <ele>53.13</ele>
      </trkpt>
      <trkpt lat="33.36027159355581" lon="130.45267595909536">
        <ele>53.63</ele>
      </trkpt>
      <trkpt lat="33.36045750416815" lon="130.45296907424927">
        <ele>53.93</ele>
      </trkpt>
      <trkpt lat="33.36045742034912" lon="130.45296907424927">
        <ele>54.32</ele>
      </trkpt>
      <trkpt lat="33.36060770787299" lon="130.45320510864258">
        <ele>54.64</ele>
      </trkpt>
      <trkpt lat="33.36069345474243" lon="130.4533553123474">
        <ele>55.02</ele>
      </trkpt>
      <trkpt lat="33.360865116119385" lon="130.45362713746727">
        <ele>55.51</ele>
      </trkpt>
      <trkpt lat="33.36103686131537" lon="130.45389896258712">
        <ele>56.04</ele>
      </trkpt>
      <trkpt lat="33.36120852269232" lon="130.45417070388794">
        <ele>56.42</ele>
      </trkpt>
      <trkpt lat="33.36120843887329" lon="130.45417070388794">
        <ele>56.77</ele>
      </trkpt>
      <trkpt lat="33.361372807994485" lon="130.45436365529895">
        <ele>57.11</ele>
      </trkpt>
      <trkpt lat="33.36153726093471" lon="130.454556690529">
        <ele>57.41</ele>
      </trkpt>
      <trkpt lat="33.36170196533203" lon="130.45475006103516">
        <ele>57.69</ele>
      </trkpt>
      <trkpt lat="33.361950404942036" lon="130.45492138713598">
        <ele>57.97</ele>
      </trkpt>
      <trkpt lat="33.36219892837107" lon="130.45509279705584">
        <ele>58.26</ele>
      </trkpt>
      <trkpt lat="33.36244745180011" lon="130.45526412315667">
        <ele>58.56</ele>
      </trkpt>
      <trkpt lat="33.362695975229144" lon="130.45543553307652">
        <ele>58.77</ele>
      </trkpt>
      <trkpt lat="33.36294659413397" lon="130.45560836791992">
        <ele>58.8</ele>
      </trkpt>
      <trkpt lat="33.36294651031494" lon="130.45560836791992">
        <ele>58.84</ele>
      </trkpt>
      <trkpt lat="33.363161170855165" lon="130.4558229446411">
        <ele>58.63</ele>
      </trkpt>
      <trkpt lat="33.36316108703613" lon="130.4558229446411">
        <ele>58.58</ele>
      </trkpt>
      <trkpt lat="33.3632577303797" lon="130.45601614750922">
        <ele>58.36</ele>
      </trkpt>
      <trkpt lat="33.36335428990424" lon="130.45620918273926">
        <ele>58.21</ele>
      </trkpt>
      <trkpt lat="33.363429475575686" lon="130.45645619742572">
        <ele>58.1</ele>
      </trkpt>
      <trkpt lat="33.36350449360907" lon="130.456702709198">
        <ele>57.94</ele>
      </trkpt>
      <trkpt lat="33.36354732513428" lon="130.4569172859192">
        <ele>57.72</ele>
      </trkpt>
      <trkpt lat="33.3635616581887" lon="130.45719673857093">
        <ele>57.42</ele>
      </trkpt>
      <trkpt lat="33.363575991243124" lon="130.45747619122267">
        <ele>57.09</ele>
      </trkpt>
      <trkpt lat="33.36359032429755" lon="130.45775413513184">
        <ele>56.72</ele>
      </trkpt>
      <trkpt lat="33.363590240478516" lon="130.45775413513184">
        <ele>56.32</ele>
      </trkpt>
      <trkpt lat="33.363590240478516" lon="130.45810877345502">
        <ele>55.87</ele>
      </trkpt>
      <trkpt lat="33.36359032429755" lon="130.45846223831177">
        <ele>55.31</ele>
      </trkpt>
      <trkpt lat="33.36360105313361" lon="130.45879541896284">
        <ele>54.76</ele>
      </trkpt>
      <trkpt lat="33.36361178196967" lon="130.4591285996139">
        <ele>54.25</ele>
      </trkpt>
      <trkpt lat="33.363622510805726" lon="130.45946178026497">
        <ele>53.66</ele>
      </trkpt>
      <trkpt lat="33.363633239641786" lon="130.45979261398315">
        <ele>53.0</ele>
      </trkpt>
      <trkpt lat="33.363633155822754" lon="130.46012579463422">
        <ele>52.38</ele>
      </trkpt>
      <trkpt lat="33.363633155822754" lon="130.46045780181885">
        <ele>51.8</ele>
      </trkpt>
      <trkpt lat="33.363665426149964" lon="130.46067271381617">
        <ele>51.31</ele>
      </trkpt>
      <trkpt lat="33.36369761265814" lon="130.46088695526123">
        <ele>50.87</ele>
      </trkpt>
      <trkpt lat="33.36382635869086" lon="130.46112307347357">
        <ele>50.42</ele>
      </trkpt>
      <trkpt lat="33.36395502090454" lon="130.46135902404785">
        <ele>49.85</ele>
      </trkpt>
      <trkpt lat="33.36414797231555" lon="130.46156270429492">
        <ele>49.18</ele>
      </trkpt>
      <trkpt lat="33.364341259002686" lon="130.46176671981812">
        <ele>48.63</ele>
      </trkpt>
      <trkpt lat="33.364084269851446" lon="130.46189940534532">
        <ele>48.09</ele>
      </trkpt>
      <trkpt lat="33.36382728070021" lon="130.46203217469156">
        <ele>47.55</ele>
      </trkpt>
      <trkpt lat="33.363570375368" lon="130.4621649440378">
        <ele>47.03</ele>
      </trkpt>
      <trkpt lat="33.36331338621676" lon="130.46229771338403">
        <ele>46.57</ele>
      </trkpt>
      <trkpt lat="33.36305379867554" lon="130.4624319076538">
        <ele>46.04</ele>
      </trkpt>
      <trkpt lat="33.36281835101545" lon="130.4624532815069">
        <ele>45.58</ele>
      </trkpt>
      <trkpt lat="33.362581729888916" lon="130.46247482299805">
        <ele>45.18</ele>
      </trkpt>
      <trkpt lat="33.36232490837574" lon="130.46241061761975">
        <ele>44.84</ele>
      </trkpt>
      <trkpt lat="33.36206674575806" lon="130.46234607696533">
        <ele>44.53</ele>
      </trkpt>
      <trkpt lat="33.36184211075306" lon="130.46234607696533">
        <ele>44.15</ele>
      </trkpt>
      <trkpt lat="33.361616218462586" lon="130.46234607696533">
        <ele>43.74</ele>
      </trkpt>
      <trkpt lat="33.361616134643555" lon="130.46234607696533">
        <ele>43.34</ele>
      </trkpt>
      <trkpt lat="33.36132084019482" lon="130.46240164898336">
        <ele>42.83</ele>
      </trkpt>
      <trkpt lat="33.36102554574609" lon="130.46245730482042">
        <ele>42.46</ele>
      </trkpt>
      <trkpt lat="33.360730251297355" lon="130.46251296065748">
        <ele>41.92</ele>
      </trkpt>
      <trkpt lat="33.36043495684862" lon="130.46256861649454">
        <ele>41.42</ele>
      </trkpt>
      <trkpt lat="33.360135639086366" lon="130.46262502670288">
        <ele>41.04</ele>
      </trkpt>
      <trkpt lat="33.359932294115424" lon="130.46262502670288">
        <ele>40.69</ele>
      </trkpt>
      <trkpt lat="33.3597279433161" lon="130.46262502670288">
        <ele>40.14</ele>
      </trkpt>
      <trkpt lat="33.35948168300092" lon="130.46251790598035">
        <ele>39.59</ele>
      </trkpt>
      <trkpt lat="33.35923433303833" lon="130.4624104499817">
        <ele>39.25</ele>
      </trkpt>
      <trkpt lat="33.359027383849025" lon="130.4623604938388">
        <ele>38.88</ele>
      </trkpt>
      <trkpt lat="33.35882051847875" lon="130.46231053769588">
        <ele>38.41</ele>
      </trkpt>
      <trkpt lat="33.358612060546875" lon="130.46226024627686">
        <ele>37.93</ele>
      </trkpt>
      <trkpt lat="33.358354568481445" lon="130.46223878860474">
        <ele>37.59</ele>
      </trkpt>
      <trkpt lat="33.35817268118262" lon="130.46229226514697">
        <ele>37.27</ele>
      </trkpt>
      <trkpt lat="33.35798987187445" lon="130.46234607696533">
        <ele>36.98</ele>
      </trkpt>
      <trkpt lat="33.357925498858094" lon="130.46238899230957">
        <ele>36.77</ele>
      </trkpt>
      <trkpt lat="33.357882583513856" lon="130.4624104499817">
        <ele>36.62</ele>
      </trkpt>
      <trkpt lat="33.3578182104975" lon="130.46245336532593">
        <ele>36.51</ele>
      </trkpt>
      <trkpt lat="33.35762559436262" lon="130.46247473917902">
        <ele>36.5</ele>
      </trkpt>
      <trkpt lat="33.357431972399354" lon="130.46249628067017">
        <ele>36.56</ele>
      </trkpt>
      <trkpt lat="33.3572603110224" lon="130.4624104499817">
        <ele>36.53</ele>
      </trkpt>
      <trkpt lat="33.35726022720337" lon="130.4624104499817">
        <ele>36.51</ele>
      </trkpt>
      <trkpt lat="33.35705646313727" lon="130.46219604089856">
        <ele>36.42</ele>
      </trkpt>
      <trkpt lat="33.356852531433105" lon="130.4619812965393">
        <ele>36.46</ele>
      </trkpt>
      <trkpt lat="33.35670232772827" lon="130.46191692352295">
        <ele>36.53</ele>
      </trkpt>
      <trkpt lat="33.3564019203186" lon="130.4618740081787">
        <ele>36.5</ele>
      </trkpt>
      <trkpt lat="33.35614509880543" lon="130.46193812973797">
        <ele>36.56</ele>
      </trkpt>
      <trkpt lat="33.355887020006776" lon="130.46200275421143">
        <ele>36.61</ele>
      </trkpt>
      <trkpt lat="33.355623073875904" lon="130.4620312526822">
        <ele>36.54</ele>
      </trkpt>
      <trkpt lat="33.355359211564064" lon="130.462059751153">
        <ele>36.53</ele>
      </trkpt>
      <trkpt lat="33.35509308613837" lon="130.4620885848999">
        <ele>36.55</ele>
      </trkpt>
      <trkpt lat="33.35484162904322" lon="130.4620938654989">
        <ele>36.69</ele>
      </trkpt>
      <trkpt lat="33.354590171948075" lon="130.46209922991693">
        <ele>36.74</ele>
      </trkpt>
      <trkpt lat="33.35433871485293" lon="130.46210459433496">
        <ele>36.7</ele>
      </trkpt>
      <trkpt lat="33.354084491729736" lon="130.46211004257202">
        <ele>36.63</ele>
      </trkpt>
      <trkpt lat="33.353788275271654" lon="130.46215564012527">
        <ele>36.59</ele>
      </trkpt>
      <trkpt lat="33.35352667607367" lon="130.4621958732605">
        <ele>36.6</ele>
      </trkpt>
      <trkpt lat="33.35352659225464" lon="130.4621958732605">
        <ele>36.48</ele>
      </trkpt>
      <trkpt lat="33.353237584233284" lon="130.46230282634497">
        <ele>36.31</ele>
      </trkpt>
      <trkpt lat="33.35294723510742" lon="130.4624104499817">
        <ele>35.96</ele>
      </trkpt>
      <trkpt lat="33.35272595286369" lon="130.46253173612058">
        <ele>35.67</ele>
      </trkpt>
      <trkpt lat="33.352504670619965" lon="130.4626531060785">
        <ele>35.38</ele>
      </trkpt>
      <trkpt lat="33.35228204727173" lon="130.46277523040771">
        <ele>35.06</ele>
      </trkpt>
      <trkpt lat="33.35201986134052" lon="130.4628608096391">
        <ele>34.74</ele>
      </trkpt>
      <trkpt lat="33.35175767540932" lon="130.46294638887048">
        <ele>34.41</ele>
      </trkpt>
      <trkpt lat="33.35149548947811" lon="130.4630320519209">
        <ele>34.07</ele>
      </trkpt>
      <trkpt lat="33.35123070515692" lon="130.46311855316162">
        <ele>33.68</ele>
      </trkpt>
      <trkpt lat="33.351112604141235" lon="130.46287153847516">
        <ele>33.2</ele>
      </trkpt>
      <trkpt lat="33.35099467076361" lon="130.46262502670288">
        <ele>32.68</ele>
      </trkpt>
      <trkpt lat="33.35082292556763" lon="130.462353117764">
        <ele>32.13</ele>
      </trkpt>
      <trkpt lat="33.350651264190674" lon="130.46208129264414">
        <ele>31.62</ele>
      </trkpt>
      <trkpt lat="33.35047968663275" lon="130.46180963516235">
        <ele>31.12</ele>
      </trkpt>
      <trkpt lat="33.35047960281372" lon="130.46180963516235">
        <ele>30.63</ele>
      </trkpt>
      <trkpt lat="33.35032939910889" lon="130.46159505844116">
        <ele>30.11</ele>
      </trkpt>
      <trkpt lat="33.35017919540405" lon="130.46138048171997">
        <ele>29.56</ele>
      </trkpt>
      <trkpt lat="33.34992933087051" lon="130.4615161009133">
        <ele>29.16</ele>
      </trkpt>
      <trkpt lat="33.349679466336966" lon="130.4616517201066">
        <ele>28.71</ele>
      </trkpt>
      <trkpt lat="33.34942817687988" lon="130.46178817749023">
        <ele>28.18</ele>
      </trkpt>
      <trkpt lat="33.34917135536671" lon="130.46185766346753">
        <ele>27.65</ele>
      </trkpt>
      <trkpt lat="33.34891453385353" lon="130.46192723326385">
        <ele>27.19</ele>
      </trkpt>
      <trkpt lat="33.348657712340355" lon="130.46199680306017">
        <ele>26.68</ele>
      </trkpt>
      <trkpt lat="33.348398292437196" lon="130.46206712722778">
        <ele>26.15</ele>
      </trkpt>
      <trkpt lat="33.348173489794135" lon="130.4621419776231">
        <ele>25.66</ele>
      </trkpt>
      <trkpt lat="33.347947681322694" lon="130.46221733093262">
        <ele>25.21</ele>
      </trkpt>
      <trkpt lat="33.347647273913026" lon="130.4623031616211">
        <ele>24.74</ele>
      </trkpt>
      <trkpt lat="33.34736832417548" lon="130.46238899230957">
        <ele>24.37</ele>
      </trkpt>
      <trkpt lat="33.347368240356445" lon="130.46238899230957">
        <ele>24.05</ele>
      </trkpt>
      <trkpt lat="33.34711133502424" lon="130.46249602921307">
        <ele>23.71</ele>
      </trkpt>
      <trkpt lat="33.346853256225586" lon="130.46260356903076">
        <ele>23.39</ele>
      </trkpt>
      <trkpt lat="33.34656793624163" lon="130.46266056597233">
        <ele>23.11</ele>
      </trkpt>
      <trkpt lat="33.34628261625767" lon="130.46271764673293">
        <ele>23.12</ele>
      </trkpt>
      <trkpt lat="33.34599503315985" lon="130.46277523040771">
        <ele>23.17</ele>
      </trkpt>
      <trkpt lat="33.34573108702898" lon="130.4628108534962">
        <ele>23.25</ele>
      </trkpt>
      <trkpt lat="33.34546714089811" lon="130.46284647658467">
        <ele>23.33</ele>
      </trkpt>
      <trkpt lat="33.345201099291444" lon="130.4628825187683">
        <ele>23.64</ele>
      </trkpt>
      <trkpt lat="33.344976380467415" lon="130.4629038926214">
        <ele>24.18</ele>
      </trkpt>
      <trkpt lat="33.34475048817694" lon="130.46292543411255">
        <ele>24.7</ele>
      </trkpt>
      <trkpt lat="33.34449299611151" lon="130.46292543411255">
        <ele>25.29</ele>
      </trkpt>
      <trkpt lat="33.34427188150585" lon="130.46292543411255">
        <ele>25.94</ele>
      </trkpt>
      <trkpt lat="33.34405076690018" lon="130.46292543411255">
        <ele>26.67</ele>
      </trkpt>
      <trkpt lat="33.34382780827582" lon="130.46292543411255">
        <ele>27.48</ele>
      </trkpt>
      <trkpt lat="33.34362446330488" lon="130.46292543411255">
        <ele>28.47</ele>
      </trkpt>
      <trkpt lat="33.34342002868652" lon="130.46292543411255">
        <ele>29.53</ele>
      </trkpt>
      <trkpt lat="33.343420112505555" lon="130.4632043838501">
        <ele>30.65</ele>
      </trkpt>
      <trkpt lat="33.343377113342285" lon="130.46346187591553">
        <ele>31.82</ele>
      </trkpt>
      <trkpt lat="33.343162536621094" lon="130.46371936798096">
        <ele>33.1</ele>
      </trkpt>
      <trkpt lat="33.343055080622435" lon="130.4639662988484">
        <ele>34.21</ele>
      </trkpt>
      <trkpt lat="33.3429479598999" lon="130.4642128944397">
        <ele>35.28</ele>
      </trkpt>
      <trkpt lat="33.34286917001009" lon="130.46447784639895">
        <ele>36.31</ele>
      </trkpt>
      <trkpt lat="33.34279038012028" lon="130.46474288217723">
        <ele>37.25</ele>
      </trkpt>
      <trkpt lat="33.34271192550659" lon="130.4650068283081">
        <ele>38.23</ele>
      </trkpt>
      <trkpt lat="33.34251880645752" lon="130.46515703201294">
        <ele>39.12</ele>
      </trkpt>
      <trkpt lat="33.34231554530561" lon="130.4651569481939">
        <ele>39.78</ele>
      </trkpt>
      <trkpt lat="33.34211119450629" lon="130.46515703201294">
        <ele>40.27</ele>
      </trkpt>
      <trkpt lat="33.342111110687256" lon="130.46515703201294">
        <ele>40.75</ele>
      </trkpt>
      <trkpt lat="33.341896533966064" lon="130.4652214050293">
        <ele>40.97</ele>
      </trkpt>
      <trkpt lat="33.3417998906225" lon="130.46540387906134">
        <ele>41.3</ele>
      </trkpt>
      <trkpt lat="33.34170341491699" lon="130.46558618545532">
        <ele>41.52</ele>
      </trkpt>
      <trkpt lat="33.34148892201483" lon="130.46562910079956">
        <ele>41.55</ele>
      </trkpt>
      <trkpt lat="33.3414888381958" lon="130.46562910079956">
        <ele>41.54</ele>
      </trkpt>
      <trkpt lat="33.34126411937177" lon="130.46565047465265">
        <ele>41.54</ele>
      </trkpt>
      <trkpt lat="33.3410382270813" lon="130.4656720161438">
        <ele>41.49</ele>
      </trkpt>
      <trkpt lat="33.340866565704346" lon="130.46582221984863">
        <ele>41.27</ele>
      </trkpt>
      <trkpt lat="33.340652491897345" lon="130.46590779908001">
        <ele>40.86</ele>
      </trkpt>
      <trkpt lat="33.34043741226196" lon="130.4659938812256">
        <ele>40.34</ele>
      </trkpt>
      <trkpt lat="33.340244460850954" lon="130.46618674881756">
        <ele>39.66</ele>
      </trkpt>
      <trkpt lat="33.34005117416382" lon="130.46638011932373">
        <ele>39.02</ele>
      </trkpt>
      <trkpt lat="33.33985830657184" lon="130.4665193427354">
        <ele>38.46</ele>
      </trkpt>
      <trkpt lat="33.339664936065674" lon="130.46665906906128">
        <ele>37.84</ele>
      </trkpt>
      <trkpt lat="33.33952001295984" lon="130.46688437461853">
        <ele>37.13</ele>
      </trkpt>
      <trkpt lat="33.339375173673034" lon="130.46710968017578">
        <ele>36.49</ele>
      </trkpt>
      <trkpt lat="33.33923033438623" lon="130.46733498573303">
        <ele>35.92</ele>
      </trkpt>
      <trkpt lat="33.33908557891846" lon="130.46756029129028">
        <ele>35.4</ele>
      </trkpt>
      <trkpt lat="33.339006789028645" lon="130.4677965771407">
        <ele>34.9</ele>
      </trkpt>
      <trkpt lat="33.33892799913883" lon="130.4680328629911">
        <ele>34.31</ele>
      </trkpt>
      <trkpt lat="33.33884954452515" lon="130.46826839447021">
        <ele>33.68</ele>
      </trkpt>
      <trkpt lat="33.33872088231146" lon="130.46839697286487">
        <ele>33.21</ele>
      </trkpt>
      <trkpt lat="33.33859213627875" lon="130.46852588653564">
        <ele>32.9</ele>
      </trkpt>
      <trkpt lat="33.33839926868677" lon="130.46867583878338">
        <ele>32.77</ele>
      </trkpt>
      <trkpt lat="33.338206401094794" lon="130.46882579103112">
        <ele>32.83</ele>
      </trkpt>
      <trkpt lat="33.33801277913153" lon="130.46897649765015">
        <ele>33.01</ele>
      </trkpt>
      <trkpt lat="33.3380126953125" lon="130.46897649765015">
        <ele>33.18</ele>
      </trkpt>
      <trkpt lat="33.33779853768647" lon="130.4690942633897">
        <ele>33.56</ele>
      </trkpt>
      <trkpt lat="33.33758362568915" lon="130.46921253204346">
        <ele>33.98</ele>
      </trkpt>
      <trkpt lat="33.33758354187012" lon="130.46921253204346">
        <ele>34.37</ele>
      </trkpt>
      <trkpt lat="33.33734750747681" lon="130.46942710876465">
        <ele>34.83</ele>
      </trkpt>
      <trkpt lat="33.33717576228082" lon="130.46972039155662">
        <ele>35.23</ele>
      </trkpt>
      <trkpt lat="33.33700401708484" lon="130.47001375816762">
        <ele>35.76</ele>
      </trkpt>
      <trkpt lat="33.33683252334595" lon="130.47030687332153">
        <ele>36.46</ele>
      </trkpt>
      <trkpt lat="33.33669304847717" lon="130.47046763822436">
        <ele>37.1</ele>
      </trkpt>
      <trkpt lat="33.3365535736084" lon="130.47062873840332">
        <ele>37.61</ele>
      </trkpt>
      <trkpt lat="33.33636070601642" lon="130.470767961815">
        <ele>38.06</ele>
      </trkpt>
      <trkpt lat="33.336167335510254" lon="130.47090768814087">
        <ele>38.38</ele>
      </trkpt>
      <trkpt lat="33.3358817640692" lon="130.47106468118727">
        <ele>38.58</ele>
      </trkpt>
      <trkpt lat="33.33559627644718" lon="130.4712217580527">
        <ele>38.59</ele>
      </trkpt>
      <trkpt lat="33.33530902862549" lon="130.4713797569275">
        <ele>38.43</ele>
      </trkpt>
      <trkpt lat="33.335137786343694" lon="130.47142250463367">
        <ele>38.26</ele>
      </trkpt>
      <trkpt lat="33.33496570587158" lon="130.47146558761597">
        <ele>38.0</ele>
      </trkpt>
      <trkpt lat="33.33468030206859" lon="130.47140138223767">
        <ele>37.61</ele>
      </trkpt>
      <trkpt lat="33.33439498208463" lon="130.47133717685938">
        <ele>37.18</ele>
      </trkpt>
      <trkpt lat="33.334107398986816" lon="130.4712724685669">
        <ele>36.44</ele>
      </trkpt>
      <trkpt lat="33.333821995183825" lon="130.47137229703367">
        <ele>35.44</ele>
      </trkpt>
      <trkpt lat="33.333536591380835" lon="130.47147220931947">
        <ele>34.53</ele>
      </trkpt>
      <trkpt lat="33.33324917592108" lon="130.47157287597656">
        <ele>33.48</ele>
      </trkpt>
      <trkpt lat="33.33324909210205" lon="130.47157287597656">
        <ele>32.43</ele>
      </trkpt>
      <trkpt lat="33.33322763442993" lon="130.4719376564026">
        <ele>31.18</ele>
      </trkpt>
      <trkpt lat="33.333141803741455" lon="130.47213077545166">
        <ele>29.98</ele>
      </trkpt>
      <trkpt lat="33.33301305770874" lon="130.47225952148438">
        <ele>28.56</ele>
      </trkpt>
      <trkpt lat="33.33297290839255" lon="130.4722788836807">
        <ele>27.24</ele>
      </trkpt>
      <trkpt lat="33.332703933119774" lon="130.4724083840847">
        <ele>25.67</ele>
      </trkpt>
      <trkpt lat="33.332433784380555" lon="130.47253847122192">
        <ele>24.05</ele>
      </trkpt>
      <trkpt lat="33.33224091678858" lon="130.47266696579754">
        <ele>22.58</ele>
      </trkpt>
      <trkpt lat="33.33204754628241" lon="130.47279596328735">
        <ele>21.18</ele>
      </trkpt>
      <trkpt lat="33.331833304837346" lon="130.4729459155351">
        <ele>19.94</ele>
      </trkpt>
      <trkpt lat="33.33161906339228" lon="130.47309586778283">
        <ele>18.7</ele>
      </trkpt>
      <trkpt lat="33.331403816118836" lon="130.47324657440186">
        <ele>17.53</ele>
      </trkpt>
      <trkpt lat="33.33120382390916" lon="130.47338931821287">
        <ele>16.44</ele>
      </trkpt>
      <trkpt lat="33.33100391551852" lon="130.4735321458429">
        <ele>15.4</ele>
      </trkpt>
      <trkpt lat="33.3308030012995" lon="130.47367572784424">
        <ele>14.36</ele>
      </trkpt>
      <trkpt lat="33.3305958006531" lon="130.47382568009198">
        <ele>13.31</ele>
      </trkpt>
      <trkpt lat="33.33038868382573" lon="130.47397563233972">
        <ele>12.35</ele>
      </trkpt>
      <trkpt lat="33.330180644989014" lon="130.47412633895874">
        <ele>11.43</ele>
      </trkpt>
      <trkpt lat="33.3299879450351" lon="130.47421191819012">
        <ele>10.63</ele>
      </trkpt>
      <trkpt lat="33.3297944907099" lon="130.4742980003357">
        <ele>9.86</ele>
      </trkpt>
      <trkpt lat="33.3295804169029" lon="130.47434787265956">
        <ele>9.05</ele>
      </trkpt>
      <trkpt lat="33.32936642691493" lon="130.47439782880247">
        <ele>8.34</ele>
      </trkpt>
      <trkpt lat="33.329150676727295" lon="130.47444820404053">
        <ele>7.72</ele>
      </trkpt>
      <trkpt lat="33.32899007946253" lon="130.47450168058276">
        <ele>7.16</ele>
      </trkpt>
      <trkpt lat="33.32882881164551" lon="130.47455549240112">
        <ele>6.65</ele>
      </trkpt>
      <trkpt lat="33.32860744558275" lon="130.47469823621213">
        <ele>6.23</ele>
      </trkpt>
      <trkpt lat="33.32838616333902" lon="130.47484106384218">
        <ele>5.87</ele>
      </trkpt>
      <trkpt lat="33.328163707628846" lon="130.4749846458435">
        <ele>5.5</ele>
      </trkpt>
      <trkpt lat="33.32791375927627" lon="130.4751416388899">
        <ele>5.24</ele>
      </trkpt>
      <trkpt lat="33.32766389474273" lon="130.47529871575534">
        <ele>5.01</ele>
      </trkpt>
      <trkpt lat="33.327412689104676" lon="130.47545671463013">
        <ele>4.82</ele>
      </trkpt>
      <trkpt lat="33.32726248539984" lon="130.47556400299072">
        <ele>4.71</ele>
      </trkpt>
      <trkpt lat="33.3270625770092" lon="130.47567816451192">
        <ele>4.61</ele>
      </trkpt>
      <trkpt lat="33.32686266861856" lon="130.47579240985215">
        <ele>4.54</ele>
      </trkpt>
      <trkpt lat="33.326661670580506" lon="130.47590732574463">
        <ele>4.45</ele>
      </trkpt>
      <trkpt lat="33.326468551531434" lon="130.47601461410522">
        <ele>4.35</ele>
      </trkpt>
      <trkpt lat="33.32624735310674" lon="130.47607881948352">
        <ele>4.33</ele>
      </trkpt>
      <trkpt lat="33.32602615468204" lon="130.4761430248618">
        <ele>4.42</ele>
      </trkpt>
      <trkpt lat="33.32580336369574" lon="130.4762077331543">
        <ele>4.6</ele>
      </trkpt>
      <trkpt lat="33.32580327987671" lon="130.4762077331543">
        <ele>4.69</ele>
      </trkpt>
      <trkpt lat="33.3255379088223" lon="130.47624193131924">
        <ele>4.94</ele>
      </trkpt>
      <trkpt lat="33.32527253776789" lon="130.47627612948418">
        <ele>5.01</ele>
      </trkpt>
      <trkpt lat="33.32500725053251" lon="130.47631041146815">
        <ele>5.04</ele>
      </trkpt>
      <trkpt lat="33.3247418794781" lon="130.4763446096331">
        <ele>5.04</ele>
      </trkpt>
      <trkpt lat="33.32447290420532" lon="130.47637939453125">
        <ele>5.27</ele>
      </trkpt>
      <trkpt lat="33.324301578104496" lon="130.47644359990954">
        <ele>5.51</ele>
      </trkpt>
      <trkpt lat="33.324129581451416" lon="130.47650814056396">
        <ele>5.73</ele>
      </trkpt>
      <trkpt lat="33.32394752651453" lon="130.47661517746747">
        <ele>5.84</ele>
      </trkpt>
      <trkpt lat="33.32376488484442" lon="130.47672271728516">
        <ele>5.92</ele>
      </trkpt>
      <trkpt lat="33.32358266226947" lon="130.47686194069684">
        <ele>6.01</ele>
      </trkpt>
      <trkpt lat="33.323400020599365" lon="130.4770016670227">
        <ele>6.07</ele>
      </trkpt>
      <trkpt lat="33.323206985369325" lon="130.47719478607178">
        <ele>6.17</ele>
      </trkpt>
      <trkpt lat="33.32309969700873" lon="130.47733417712152">
        <ele>6.23</ele>
      </trkpt>
      <trkpt lat="33.32299240864813" lon="130.47747373580933">
        <ele>6.37</ele>
      </trkpt>
      <trkpt lat="33.32285284996033" lon="130.47770977020264">
        <ele>6.47</ele>
      </trkpt>
      <trkpt lat="33.32271337509155" lon="130.47794588841498">
        <ele>6.53</ele>
      </trkpt>
      <trkpt lat="33.32257381640375" lon="130.47818200662732">
        <ele>6.55</ele>
      </trkpt>
      <trkpt lat="33.322434509173036" lon="130.47841787338257">
        <ele>6.57</ele>
      </trkpt>
      <trkpt lat="33.32234867848456" lon="130.4785680770874">
        <ele>6.62</ele>
      </trkpt>
      <trkpt lat="33.32224139012396" lon="130.4787826538086">
        <ele>6.69</ele>
      </trkpt>
      <trkpt lat="33.32210183143616" lon="130.479029500857">
        <ele>6.78</ele>
      </trkpt>
      <trkpt lat="33.321962440386415" lon="130.47927618026733">
        <ele>6.84</ele>
      </trkpt>
      <trkpt lat="33.32181215286255" lon="130.47953912056983">
        <ele>6.95</ele>
      </trkpt>
      <trkpt lat="33.32166186533868" lon="130.47980206087232">
        <ele>7.08</ele>
      </trkpt>
      <trkpt lat="33.32151166163385" lon="130.4800650011748">
        <ele>7.17</ele>
      </trkpt>
      <trkpt lat="33.32136162556708" lon="130.48032760620117">
        <ele>7.33</ele>
      </trkpt>
      <trkpt lat="33.32121133804321" lon="130.48057436943054">
        <ele>7.46</ele>
      </trkpt>
      <trkpt lat="33.32106113433838" lon="130.48082121647894">
        <ele>7.42</ele>
      </trkpt>
      <trkpt lat="33.32091084681451" lon="130.48106806352735">
        <ele>7.29</ele>
      </trkpt>
      <trkpt lat="33.32076081074774" lon="130.48131465911865">
        <ele>7.27</ele>
      </trkpt>
      <trkpt lat="33.3205677755177" lon="130.48151833936572">
        <ele>7.4</ele>
      </trkpt>
      <trkpt lat="33.3203745726496" lon="130.48172235488892">
        <ele>7.44</ele>
      </trkpt>
      <trkpt lat="33.32024582661688" lon="130.48187255859375">
        <ele>7.44</ele>
      </trkpt>
      <trkpt lat="33.32024574279785" lon="130.48187255859375">
        <ele>7.47</ele>
      </trkpt>
      <trkpt lat="33.31999923102558" lon="130.4820976126939">
        <ele>7.5</ele>
      </trkpt>
      <trkpt lat="33.31975230015814" lon="130.48232316970825">
        <ele>7.6</ele>
      </trkpt>
      <trkpt lat="33.319559348747134" lon="130.48250530846417">
        <ele>7.66</ele>
      </trkpt>
      <trkpt lat="33.31936606206" lon="130.48268795013428">
        <ele>7.71</ele>
      </trkpt>
      <trkpt lat="33.319194400683045" lon="130.48285961151123">
        <ele>7.67</ele>
      </trkpt>
      <trkpt lat="33.319194316864014" lon="130.48285961151123">
        <ele>7.66</ele>
      </trkpt>
      <trkpt lat="33.31896800547838" lon="130.4830667283386">
        <ele>7.6</ele>
      </trkpt>
      <trkpt lat="33.31874177791178" lon="130.483273928985">
        <ele>7.64</ele>
      </trkpt>
      <trkpt lat="33.31851555034518" lon="130.4834811296314">
        <ele>7.68</ele>
      </trkpt>
      <trkpt lat="33.31828932277858" lon="130.4836883302778">
        <ele>7.56</ele>
      </trkpt>
      <trkpt lat="33.31806309521198" lon="130.4838955309242">
        <ele>7.41</ele>
      </trkpt>
      <trkpt lat="33.31783686764538" lon="130.4841027315706">
        <ele>7.46</ele>
      </trkpt>
      <trkpt lat="33.31761064007878" lon="130.484309932217">
        <ele>7.43</ele>
      </trkpt>
      <trkpt lat="33.31738441251218" lon="130.4845171328634">
        <ele>7.3</ele>
      </trkpt>
      <trkpt lat="33.31715592183173" lon="130.4847264289856">
        <ele>7.37</ele>
      </trkpt>
      <trkpt lat="33.317155838012695" lon="130.4847264289856">
        <ele>7.4</ele>
      </trkpt>
      <trkpt lat="33.317016530781984" lon="130.48483354970813">
        <ele>7.52</ele>
      </trkpt>
      <trkpt lat="33.31687697209418" lon="130.4849410057068">
        <ele>7.6</ele>
      </trkpt>
      <trkpt lat="33.316676896065474" lon="130.48509095795453">
        <ele>7.68</ele>
      </trkpt>
      <trkpt lat="33.3164769038558" lon="130.48524091020226">
        <ele>7.74</ele>
      </trkpt>
      <trkpt lat="33.31627607345581" lon="130.4853916168213">
        <ele>7.81</ele>
      </trkpt>
      <trkpt lat="33.31608295440674" lon="130.48558473587036">
        <ele>7.92</ele>
      </trkpt>
      <trkpt lat="33.315900480374694" lon="130.4858636856079">
        <ele>8.1</ele>
      </trkpt>
      <trkpt lat="33.31571817398071" lon="130.48614263534546">
        <ele>8.22</ele>
      </trkpt>
      <trkpt lat="33.31554659642279" lon="130.486421585083">
        <ele>8.31</ele>
      </trkpt>
      <trkpt lat="33.31554651260376" lon="130.486421585083">
        <ele>8.35</ele>
      </trkpt>
      <trkpt lat="33.31539832055569" lon="130.4867328889668">
        <ele>8.29</ele>
      </trkpt>
      <trkpt lat="33.315250128507614" lon="130.48704427666962">
        <ele>8.08</ele>
      </trkpt>
      <trkpt lat="33.31510202027857" lon="130.48735566437244">
        <ele>8.02</ele>
      </trkpt>
      <trkpt lat="33.3149538282305" lon="130.48766696825624">
        <ele>8.04</ele>
      </trkpt>
      <trkpt lat="33.31480572000146" lon="130.48797835595906">
        <ele>8.07</ele>
      </trkpt>
      <trkpt lat="33.314657527953386" lon="130.48828974366188">
        <ele>8.11</ele>
      </trkpt>
      <trkpt lat="33.314509419724345" lon="130.48860104754567">
        <ele>8.44</ele>
      </trkpt>
      <trkpt lat="33.31436122767627" lon="130.4889124352485">
        <ele>8.3</ele>
      </trkpt>
      <trkpt lat="33.31421311944723" lon="130.48922373913229">
        <ele>8.31</ele>
      </trkpt>
      <trkpt lat="33.31406601704657" lon="130.48953294754028">
        <ele>8.51</ele>
      </trkpt>
      <trkpt lat="33.31398010253906" lon="130.48970460891724">
        <ele>8.58</ele>
      </trkpt>
      <trkpt lat="33.31387985497713" lon="130.48993360251188">
        <ele>8.68</ele>
      </trkpt>
      <trkpt lat="33.3137796074152" lon="130.49016267992556">
        <ele>8.65</ele>
      </trkpt>
      <trkpt lat="33.313679695129395" lon="130.49039125442505">
        <ele>8.59</ele>
      </trkpt>
      <trkpt lat="33.31358657218516" lon="130.4907349962741">
        <ele>8.45</ele>
      </trkpt>
      <trkpt lat="33.31349344924092" lon="130.4910788219422">
        <ele>8.25</ele>
      </trkpt>
      <trkpt lat="33.31340032629669" lon="130.4914226476103">
        <ele>8.24</ele>
      </trkpt>
      <trkpt lat="33.31330728717148" lon="130.4917664732784">
        <ele>8.23</ele>
      </trkpt>
      <trkpt lat="33.31321416422725" lon="130.49211021512747">
        <ele>8.24</ele>
      </trkpt>
      <trkpt lat="33.31312187947333" lon="130.4924511909485">
        <ele>8.25</ele>
      </trkpt>
      <trkpt lat="33.313021548092365" lon="130.49278772436082">
        <ele>8.19</ele>
      </trkpt>
      <trkpt lat="33.312921300530434" lon="130.4931243415922">
        <ele>8.18</ele>
      </trkpt>
      <trkpt lat="33.31282147206366" lon="130.4934597015381">
        <ele>8.19</ele>
      </trkpt>
      <trkpt lat="33.312726924195886" lon="130.4937518108636">
        <ele>8.14</ele>
      </trkpt>
      <trkpt lat="33.31263237632811" lon="130.49404400400817">
        <ele>8.09</ele>
      </trkpt>
      <trkpt lat="33.312537828460336" lon="130.49433619715273">
        <ele>8.02</ele>
      </trkpt>
      <trkpt lat="33.31244328059256" lon="130.4946283902973">
        <ele>7.96</ele>
      </trkpt>
      <trkpt lat="33.31234940327704" lon="130.4949188232422">
        <ele>7.84</ele>
      </trkpt>
      <trkpt lat="33.31234931945801" lon="130.4949188232422">
        <ele>7.74</ele>
      </trkpt>
      <trkpt lat="33.3122634049505" lon="130.4951873794198">
        <ele>7.6</ele>
      </trkpt>
      <trkpt lat="33.312177741900086" lon="130.49545526504517">
        <ele>7.42</ele>
      </trkpt>
      <trkpt lat="33.312177658081055" lon="130.49545526504517">
        <ele>7.28</ele>
      </trkpt>
      <trkpt lat="33.312097024172544" lon="130.49573991447687">
        <ele>7.12</ele>
      </trkpt>
      <trkpt lat="33.312016474083066" lon="130.4960246477276">
        <ele>7.02</ele>
      </trkpt>
      <trkpt lat="33.31193592399359" lon="130.4963092971593">
        <ele>6.9</ele>
      </trkpt>
      <trkpt lat="33.31185579299927" lon="130.49659252166748">
        <ele>6.74</ele>
      </trkpt>
      <trkpt lat="33.31182712689042" lon="130.4969364311546">
        <ele>6.52</ele>
      </trkpt>
      <trkpt lat="33.311798460781574" lon="130.49728034064174">
        <ele>6.3</ele>
      </trkpt>
      <trkpt lat="33.31177004612982" lon="130.4976224899292">
        <ele>6.18</ele>
      </trkpt>
      <trkpt lat="33.311684215441346" lon="130.49757957458496">
        <ele>6.02</ele>
      </trkpt>
      <trkpt lat="33.3114015776664" lon="130.49745108000934">
        <ele>5.86</ele>
      </trkpt>
      <trkpt lat="33.31111893989146" lon="130.49732258543372">
        <ele>5.72</ele>
      </trkpt>
      <trkpt lat="33.310836385935545" lon="130.49719417467713">
        <ele>5.65</ele>
      </trkpt>
      <trkpt lat="33.3105537481606" lon="130.4970656801015">
        <ele>5.6</ele>
      </trkpt>
      <trkpt lat="33.31026800908148" lon="130.4969358444214">
        <ele>5.52</ele>
      </trkpt>
      <trkpt lat="33.31001101993024" lon="130.49682017415762">
        <ele>5.47</ele>
      </trkpt>
      <trkpt lat="33.309754114598036" lon="130.49670458771288">
        <ele>5.4</ele>
      </trkpt>
      <trkpt lat="33.30949720926583" lon="130.49658900126815">
        <ele>5.36</ele>
      </trkpt>
      <trkpt lat="33.30924030393362" lon="130.49647333100438">
        <ele>5.42</ele>
      </trkpt>
      <trkpt lat="33.308980548754334" lon="130.49635648727417">
        <ele>5.48</ele>
      </trkpt>
      <trkpt lat="33.308723559603095" lon="130.4962408170104">
        <ele>5.49</ele>
      </trkpt>
      <trkpt lat="33.30846665427089" lon="130.49612523056567">
        <ele>5.52</ele>
      </trkpt>
      <trkpt lat="33.30820974893868" lon="130.49600964412093">
        <ele>5.57</ele>
      </trkpt>
      <trkpt lat="33.30795275978744" lon="130.49589397385716">
        <ele>5.6</ele>
      </trkpt>
      <trkpt lat="33.307693004608154" lon="130.49577713012695">
        <ele>5.55</ele>
      </trkpt>
      <trkpt lat="33.307693088427186" lon="130.49577713012695">
        <ele>5.57</ele>
      </trkpt>
      <trkpt lat="33.307440374046564" lon="130.49565718509257">
        <ele>5.57</ele>
      </trkpt>
      <trkpt lat="33.307187743484974" lon="130.49553732387722">
        <ele>5.68</ele>
      </trkpt>
      <trkpt lat="33.30693502910435" lon="130.49541737884283">
        <ele>5.85</ele>
      </trkpt>
      <trkpt lat="33.30668239854276" lon="130.49529751762748">
        <ele>5.79</ele>
      </trkpt>
      <trkpt lat="33.306427001953125" lon="130.49517631530762">
        <ele>5.55</ele>
      </trkpt>
      <trkpt lat="33.30642708577216" lon="130.49517631530762">
        <ele>5.55</ele>
      </trkpt>
      <trkpt lat="33.30617009662092" lon="130.49506064504385">
        <ele>5.43</ele>
      </trkpt>
      <trkpt lat="33.30591319128871" lon="130.49494505859911">
        <ele>5.49</ele>
      </trkpt>
      <trkpt lat="33.3056562859565" lon="130.49482947215438">
        <ele>5.56</ele>
      </trkpt>
      <trkpt lat="33.305399380624294" lon="130.4947138018906">
        <ele>5.6</ele>
      </trkpt>
      <trkpt lat="33.30513962544501" lon="130.4945969581604">
        <ele>5.67</ele>
      </trkpt>
      <trkpt lat="33.304886911064386" lon="130.49447701312602">
        <ele>5.73</ele>
      </trkpt>
      <trkpt lat="33.304634280502796" lon="130.49435715191066">
        <ele>5.78</ele>
      </trkpt>
      <trkpt lat="33.304381566122174" lon="130.49423720687628">
        <ele>5.77</ele>
      </trkpt>
      <trkpt lat="33.304128935560584" lon="130.49411734566092">
        <ele>5.7</ele>
      </trkpt>
      <trkpt lat="33.30387353897095" lon="130.49399614334106">
        <ele>5.68</ele>
      </trkpt>
      <trkpt lat="33.3038258459419" lon="130.49414718523622">
        <ele>5.64</ele>
      </trkpt>
      <trkpt lat="33.30387362278998" lon="130.49399614334106">
        <ele>5.6</ele>
      </trkpt>
      <trkpt lat="33.303701961413026" lon="130.4939317703247">
        <ele>5.57</ele>
      </trkpt>
      <trkpt lat="33.303455617278814" lon="130.49381400458515">
        <ele>5.54</ele>
      </trkpt>
      <trkpt lat="33.303208351135254" lon="130.4936957359314">
        <ele>5.46</ele>
      </trkpt>
      <trkpt lat="33.302929401397705" lon="130.49352407455444">
        <ele>5.36</ele>
      </trkpt>
      <trkpt lat="33.30279001034796" lon="130.4933846835047">
        <ele>5.25</ele>
      </trkpt>
      <trkpt lat="33.302650451660156" lon="130.4932451248169">
        <ele>5.12</ele>
      </trkpt>
      <trkpt lat="33.30265053547919" lon="130.4932451248169">
        <ele>5.03</ele>
      </trkpt>
      <trkpt lat="33.30250024795532" lon="130.49301621504128">
        <ele>4.9</ele>
      </trkpt>
      <trkpt lat="33.30235004425049" lon="130.49278730526567">
        <ele>4.77</ele>
      </trkpt>
      <trkpt lat="33.302199924364686" lon="130.49255847930908">
        <ele>4.72</ele>
      </trkpt>
      <trkpt lat="33.30211409367621" lon="130.49253702163696">
        <ele>4.68</ele>
      </trkpt>
      <trkpt lat="33.30192097462714" lon="130.49253702163696">
        <ele>4.67</ele>
      </trkpt>
      <trkpt lat="33.30185651779175" lon="130.49253702163696">
        <ele>4.69</ele>
      </trkpt>
      <trkpt lat="33.30185660161078" lon="130.49253702163696">
        <ele>4.6</ele>
      </trkpt>
      <trkpt lat="33.301614029332995" lon="130.49250843934715">
        <ele>4.5</ele>
      </trkpt>
      <trkpt lat="33.30137145705521" lon="130.49247994087636">
        <ele>4.33</ele>
      </trkpt>
      <trkpt lat="33.3011269569397" lon="130.4924511909485">
        <ele>4.43</ele>
      </trkpt>
      <trkpt lat="33.30088078044355" lon="130.49236552789807">
        <ele>4.6</ele>
      </trkpt>
      <trkpt lat="33.30063468776643" lon="130.4922799486667">
        <ele>4.87</ele>
      </trkpt>
      <trkpt lat="33.300388511270285" lon="130.49219428561628">
        <ele>5.11</ele>
      </trkpt>
      <trkpt lat="33.30013998784125" lon="130.49210786819458">
        <ele>5.34</ele>
      </trkpt>
      <trkpt lat="33.29996866174042" lon="130.49204357899725">
        <ele>5.51</ele>
      </trkpt>
      <trkpt lat="33.29979666508734" lon="130.49197912216187">
        <ele>5.67</ele>
      </trkpt>
      <trkpt lat="33.29972139559686" lon="130.49225840717554">
        <ele>5.92</ele>
      </trkpt>
      <trkpt lat="33.29964637756348" lon="130.49253702163696">
        <ele>6.14</ele>
      </trkpt>
      <trkpt lat="33.29953037202358" lon="130.49285922199488">
        <ele>6.29</ele>
      </trkpt>
      <trkpt lat="33.29941436648369" lon="130.4931814223528">
        <ele>6.5</ele>
      </trkpt>
      <trkpt lat="33.299298360943794" lon="130.4935036227107">
        <ele>6.82</ele>
      </trkpt>
      <trkpt lat="33.29918243922293" lon="130.49382590688765">
        <ele>7.36</ele>
      </trkpt>
      <trkpt lat="33.29906710423529" lon="130.4941463470459">
        <ele>7.76</ele>
      </trkpt>
      <trkpt lat="33.2989682815969" lon="130.4944299068302">
        <ele>8.06</ele>
      </trkpt>
      <trkpt lat="33.29886945895851" lon="130.49471346661448">
        <ele>8.23</ele>
      </trkpt>
      <trkpt lat="33.298770636320114" lon="130.49499702639878">
        <ele>8.41</ele>
      </trkpt>
      <trkpt lat="33.29867181368172" lon="130.49528058618307">
        <ele>8.56</ele>
      </trkpt>
      <trkpt lat="33.29857357777655" lon="130.49556255340576">
        <ele>8.87</ele>
      </trkpt>
      <trkpt lat="33.29847685061395" lon="130.49579875543714">
        <ele>9.16</ele>
      </trkpt>
      <trkpt lat="33.29838045872748" lon="130.49603462219238">
        <ele>9.38</ele>
      </trkpt>
      <trkpt lat="33.29829446040094" lon="130.49626369960606">
        <ele>9.66</ele>
      </trkpt>
      <trkpt lat="33.29820854589343" lon="130.49649286083877">
        <ele>9.91</ele>
      </trkpt>
      <trkpt lat="33.29812296666205" lon="130.4967212677002">
        <ele>10.24</ele>
      </trkpt>
      <trkpt lat="33.29812288284302" lon="130.4967212677002">
        <ele>10.54</ele>
      </trkpt>
      <trkpt lat="33.29810150898993" lon="130.4967212677002">
        <ele>10.85</ele>
      </trkpt>
      <trkpt lat="33.29797971993685" lon="130.4969932604581">
        <ele>11.24</ele>
      </trkpt>
      <trkpt lat="33.2978580147028" lon="130.49726525321603">
        <ele>11.57</ele>
      </trkpt>
      <trkpt lat="33.29773664474487" lon="130.49753665924072">
        <ele>11.89</ele>
      </trkpt>
      <trkpt lat="33.29762206412852" lon="130.49780865199864">
        <ele>12.26</ele>
      </trkpt>
      <trkpt lat="33.297507567331195" lon="130.4980807285756">
        <ele>12.56</ele>
      </trkpt>
      <trkpt lat="33.29739340581" lon="130.49835205078125">
        <ele>12.78</ele>
      </trkpt>
      <trkpt lat="33.29739340581" lon="130.4983949661255">
        <ele>13.04</ele>
      </trkpt>
      <trkpt lat="33.29732903279364" lon="130.4985237121582">
        <ele>13.31</ele>
      </trkpt>
      <trkpt lat="33.297243202105165" lon="130.49871683120728">
        <ele>13.62</ele>
      </trkpt>
      <trkpt lat="33.297125017270446" lon="130.4989959485829">
        <ele>13.91</ele>
      </trkpt>
      <trkpt lat="33.297007167711854" lon="130.49927473068237">
        <ele>14.0</ele>
      </trkpt>
      <trkpt lat="33.297007167711854" lon="130.4992961883545">
        <ele>14.08</ele>
      </trkpt>
      <trkpt lat="33.296921253204346" lon="130.4994893912226">
        <ele>14.1</ele>
      </trkpt>
      <trkpt lat="33.2968355063349" lon="130.49968242645264">
        <ele>14.06</ele>
      </trkpt>
      <trkpt lat="33.2967387791723" lon="130.49992935732007">
        <ele>13.98</ele>
      </trkpt>
      <trkpt lat="33.29664238728583" lon="130.50017595291138">
        <ele>13.97</ele>
      </trkpt>
      <trkpt lat="33.2965402957052" lon="130.5004336964339">
        <ele>14.0</ele>
      </trkpt>
      <trkpt lat="33.2964382879436" lon="130.50069143995643">
        <ele>14.1</ele>
      </trkpt>
      <trkpt lat="33.296336280182004" lon="130.50094918347895">
        <ele>14.2</ele>
      </trkpt>
      <trkpt lat="33.296234691515565" lon="130.5012059211731">
        <ele>14.25</ele>
      </trkpt>
      <trkpt lat="33.29614156857133" lon="130.50143499858677">
        <ele>14.22</ele>
      </trkpt>
      <trkpt lat="33.296048529446125" lon="130.50166407600045">
        <ele>14.3</ele>
      </trkpt>
      <trkpt lat="33.295955741778016" lon="130.5018925666809">
        <ele>14.32</ele>
      </trkpt>
      <trkpt lat="33.29584836959839" lon="130.50219297409058">
        <ele>14.3</ele>
      </trkpt>
      <trkpt lat="33.29584845341742" lon="130.50219297409058">
        <ele>14.27</ele>
      </trkpt>
      <trkpt lat="33.29571417532861" lon="130.5025043617934">
        <ele>14.19</ele>
      </trkpt>
      <trkpt lat="33.295579897239804" lon="130.50281574949622">
        <ele>14.1</ele>
      </trkpt>
      <trkpt lat="33.29544570297003" lon="130.50312713719904">
        <ele>14.02</ele>
      </trkpt>
      <trkpt lat="33.29531192779541" lon="130.5034375190735">
        <ele>14.02</ele>
      </trkpt>
      <trkpt lat="33.29531201161444" lon="130.5034375190735">
        <ele>14.06</ele>
      </trkpt>
      <trkpt lat="33.295204723253846" lon="130.50373792648315">
        <ele>14.12</ele>
      </trkpt>
      <trkpt lat="33.29507580958307" lon="130.50405291840434">
        <ele>14.2</ele>
      </trkpt>
      <trkpt lat="33.29494697973132" lon="130.50436791032553">
        <ele>14.38</ele>
      </trkpt>
      <trkpt lat="33.2948184851557" lon="130.5046820640564">
        <ele>14.5</ele>
      </trkpt>
      <trkpt lat="33.294685296714306" lon="130.5050084553659">
        <ele>14.72</ele>
      </trkpt>
      <trkpt lat="33.29455210827291" lon="130.50533493049443">
        <ele>14.82</ele>
      </trkpt>
      <trkpt lat="33.294418919831514" lon="130.50566140562296">
        <ele>14.83</ele>
      </trkpt>
      <trkpt lat="33.29428573139012" lon="130.5059878807515">
        <ele>14.88</ele>
      </trkpt>
      <trkpt lat="33.29415321350098" lon="130.50631284713745">
        <ele>15.02</ele>
      </trkpt>
      <trkpt lat="33.29404600895941" lon="130.506591796875">
        <ele>15.18</ele>
      </trkpt>
      <trkpt lat="33.293911730870605" lon="130.50692464224994">
        <ele>15.32</ele>
      </trkpt>
      <trkpt lat="33.2937774527818" lon="130.50725757144392">
        <ele>15.38</ele>
      </trkpt>
      <trkpt lat="33.29364317469299" lon="130.5075905006379">
        <ele>15.35</ele>
      </trkpt>
      <trkpt lat="33.2935094833374" lon="130.5079221725464">
        <ele>15.38</ele>
      </trkpt>
      <trkpt lat="33.2934127561748" lon="130.50824445672333">
        <ele>15.48</ele>
      </trkpt>
      <trkpt lat="33.29331644810736" lon="130.50856590270996">
        <ele>15.54</ele>
      </trkpt>
      <trkpt lat="33.29332357272506" lon="130.50882381387055">
        <ele>15.52</ele>
      </trkpt>
      <trkpt lat="33.29333069734275" lon="130.50908180885017">
        <ele>15.47</ele>
      </trkpt>
      <trkpt lat="33.29333790577948" lon="130.50933837890625">
        <ele>15.47</ele>
      </trkpt>
      <trkpt lat="33.2933593634516" lon="130.50946712493896">
        <ele>15.48</ele>
      </trkpt>
      <trkpt lat="33.29344100318849" lon="130.50982385873795">
        <ele>15.46</ele>
      </trkpt>
      <trkpt lat="33.29352264292538" lon="130.51018059253693">
        <ele>15.54</ele>
      </trkpt>
      <trkpt lat="33.29360428266227" lon="130.5105373263359">
        <ele>15.59</ele>
      </trkpt>
      <trkpt lat="33.29368592239916" lon="130.5108940601349">
        <ele>15.68</ele>
      </trkpt>
      <trkpt lat="33.29376697540283" lon="130.51124811172485">
        <ele>15.71</ele>
      </trkpt>
      <trkpt lat="33.29350302927196" lon="130.51125523634255">
        <ele>15.72</ele>
      </trkpt>
      <trkpt lat="33.29323916696012" lon="130.51126236096025">
        <ele>15.68</ele>
      </trkpt>
      <trkpt lat="33.292973125353456" lon="130.51126956939697">
        <ele>15.58</ele>
      </trkpt>
      <trkpt lat="33.292780509218574" lon="130.5112588405609">
        <ele>15.51</ele>
      </trkpt>
      <trkpt lat="33.29258680343628" lon="130.51124811172485">
        <ele>15.51</ele>
      </trkpt>
      <trkpt lat="33.29236166551709" lon="130.51146780140698">
        <ele>15.6</ele>
      </trkpt>
      <trkpt lat="33.292136611416936" lon="130.5116874910891">
        <ele>15.79</ele>
      </trkpt>
      <trkpt lat="33.29191155731678" lon="130.51190726459026">
        <ele>15.9</ele>
      </trkpt>
      <trkpt lat="33.29168566502631" lon="130.51212787628174">
        <ele>15.94</ele>
      </trkpt>
      <trkpt lat="33.29162120819092" lon="130.51225662231445">
        <ele>15.98</ele>
      </trkpt>
      <trkpt lat="33.2915997505188" lon="130.5124068260193">
        <ele>16.03</ele>
      </trkpt>
      <trkpt lat="33.29152456484735" lon="130.51266465336084">
        <ele>16.06</ele>
      </trkpt>
      <trkpt lat="33.291449630633" lon="130.51292181015015">
        <ele>16.13</ele>
      </trkpt>
      <trkpt lat="33.291449546813965" lon="130.51292181015015">
        <ele>16.1</ele>
      </trkpt>
      <trkpt lat="33.29140663146973" lon="130.51313638687134">
        <ele>16.04</ele>
      </trkpt>
      <trkpt lat="33.291428089141846" lon="130.51326513290405">
        <ele>16.03</ele>
      </trkpt>
      <trkpt lat="33.291363548487425" lon="130.51350141875446">
        <ele>15.93</ele>
      </trkpt>
      <trkpt lat="33.29129934310913" lon="130.51373720169067">
        <ele>15.81</ele>
      </trkpt>
      <trkpt lat="33.29123488627374" lon="130.5139304883778">
        <ele>15.75</ele>
      </trkpt>
      <trkpt lat="33.291170597076416" lon="130.51412343978882">
        <ele>15.71</ele>
      </trkpt>
      <trkpt lat="33.291170597076416" lon="130.51435947418213">
        <ele>15.78</ele>
      </trkpt>
      <trkpt lat="33.29108476638794" lon="130.51461696624756">
        <ele>15.89</ele>
      </trkpt>
      <trkpt lat="33.29089164733887" lon="130.51481008529663">
        <ele>15.69</ele>
      </trkpt>
      <trkpt lat="33.29061278142035" lon="130.5148959159851">
        <ele>15.42</ele>
      </trkpt>
      <trkpt lat="33.29052686691284" lon="130.5148959159851">
        <ele>15.59</ele>
      </trkpt>
      <trkpt lat="33.29040884971619" lon="130.51505676470697">
        <ele>16.02</ele>
      </trkpt>
      <trkpt lat="33.29029091633856" lon="130.5152177810669">
        <ele>16.44</ele>
      </trkpt>
      <trkpt lat="33.290183544158936" lon="130.51528215408325">
        <ele>16.73</ele>
      </trkpt>
      <trkpt lat="33.29007625579834" lon="130.5153250694275">
        <ele>16.98</ele>
      </trkpt>
      <trkpt lat="33.28990459442139" lon="130.51549673080444">
        <ele>17.06</ele>
      </trkpt>
      <trkpt lat="33.28986159525812" lon="130.51567937247455">
        <ele>16.85</ele>
      </trkpt>
      <trkpt lat="33.28981884755194" lon="130.51586151123047">
        <ele>16.59</ele>
      </trkpt>
      <trkpt lat="33.28974357806146" lon="130.51617306657135">
        <ele>16.29</ele>
      </trkpt>
      <trkpt lat="33.289668560028076" lon="130.51648378372192">
        <ele>16.24</ele>
      </trkpt>
      <trkpt lat="33.289368990808725" lon="130.5163956899196">
        <ele>16.29</ele>
      </trkpt>
    </trkseg>
  </trk>
</gpx>
