<?xml version="1.0" encoding="UTF-8"?>
<gpx creator="Garmin Connect" version="1.1"
  xsi:schemaLocation="http://www.topografix.com/GPX/1/1 http://www.topografix.com/GPX/11.xsd"
  xmlns:ns3="http://www.garmin.com/xmlschemas/TrackPointExtension/v1"
  xmlns="http://www.topografix.com/GPX/1/1"
  xmlns:xsi="http://www.w3.org/2001/XMLSchema-instance" xmlns:ns2="http://www.garmin.com/xmlschemas/GpxExtensions/v3">
  <metadata>
    <name> 道の駅おおき</name>
    <link href="connect.garmin.com">
      <text>Garmin Connect</text>
    </link>
    <time>2026-05-01T13:34:52.000Z</time>
  </metadata>
  <trk>
    <name> 道の駅おおき</name>
    <trkseg>
      <trkpt lat="33.289574682712555" lon="130.5164562072605">
        <ele>15.63</ele>
      </trkpt>
      <trkpt lat="33.28936329111457" lon="130.51639401353896">
        <ele>15.69</ele>
      </trkpt>
      <trkpt lat="33.289151983335614" lon="130.51633181981742">
        <ele>15.75</ele>
      </trkpt>
      <trkpt lat="33.288938999176025" lon="130.51626920700073">
        <ele>15.87</ele>
      </trkpt>
      <trkpt lat="33.288917541503906" lon="130.51626920700073">
        <ele>15.96</ele>
      </trkpt>
      <trkpt lat="33.28878887929022" lon="130.5162262916565">
        <ele>16.06</ele>
      </trkpt>
      <trkpt lat="33.28858553431928" lon="130.51622620783746">
        <ele>16.11</ele>
      </trkpt>
      <trkpt lat="33.28838118351996" lon="130.5162262916565">
        <ele>15.98</ele>
      </trkpt>
      <trkpt lat="33.288199212402105" lon="130.51619418896735">
        <ele>15.96</ele>
      </trkpt>
      <trkpt lat="33.288016403093934" lon="130.51616191864014">
        <ele>15.98</ele>
      </trkpt>
      <trkpt lat="33.28783451579511" lon="130.51615118980408">
        <ele>16.03</ele>
      </trkpt>
      <trkpt lat="33.28765162266791" lon="130.51614046096802">
        <ele>16.14</ele>
      </trkpt>
      <trkpt lat="33.28735909424722" lon="130.5161689594388">
        <ele>16.26</ele>
      </trkpt>
      <trkpt lat="33.28706664964557" lon="130.51619745790958">
        <ele>16.38</ele>
      </trkpt>
      <trkpt lat="33.28677177429199" lon="130.5162262916565">
        <ele>16.61</ele>
      </trkpt>
      <trkpt lat="33.28660019673407" lon="130.51626920700073">
        <ele>16.89</ele>
      </trkpt>
      <trkpt lat="33.28660011291504" lon="130.51626920700073">
        <ele>17.11</ele>
      </trkpt>
      <trkpt lat="33.28638603910804" lon="130.5163119547069">
        <ele>17.33</ele>
      </trkpt>
      <trkpt lat="33.286170959472656" lon="130.5163550376892">
        <ele>17.56</ele>
      </trkpt>
      <trkpt lat="33.28608521260321" lon="130.51637649536133">
        <ele>17.73</ele>
      </trkpt>
      <trkpt lat="33.28603140078485" lon="130.5160325858742">
        <ele>17.91</ele>
      </trkpt>
      <trkpt lat="33.28597767278552" lon="130.51568867638707">
        <ele>18.12</ele>
      </trkpt>
      <trkpt lat="33.28592394478619" lon="130.51534476689994">
        <ele>18.33</ele>
      </trkpt>
      <trkpt lat="33.28587063588202" lon="130.5150032043457">
        <ele>18.43</ele>
      </trkpt>
      <trkpt lat="33.28581682406366" lon="130.5146807525307">
        <ele>18.5</ele>
      </trkpt>
      <trkpt lat="33.28576309606433" lon="130.51435838453472">
        <ele>18.5</ele>
      </trkpt>
      <trkpt lat="33.285709368065" lon="130.5140359327197">
        <ele>18.3</ele>
      </trkpt>
      <trkpt lat="33.28565605916083" lon="130.51371574401855">
        <ele>18.01</ele>
      </trkpt>
      <trkpt lat="33.28560224734247" lon="130.51337183453143">
        <ele>17.72</ele>
      </trkpt>
      <trkpt lat="33.28554877080023" lon="130.51302909851074">
        <ele>17.55</ele>
      </trkpt>
      <trkpt lat="33.285505855455995" lon="130.5127716064453">
        <ele>17.32</ele>
      </trkpt>
      <trkpt lat="33.28545204363763" lon="130.5124168843031">
        <ele>17.2</ele>
      </trkpt>
      <trkpt lat="33.2853985670954" lon="130.51206350326538">
        <ele>17.09</ele>
      </trkpt>
      <trkpt lat="33.28534693457186" lon="130.5117152351886">
        <ele>16.85</ele>
      </trkpt>
      <trkpt lat="33.285295302048326" lon="130.51136705093086">
        <ele>16.51</ele>
      </trkpt>
      <trkpt lat="33.28524375334382" lon="130.5110188666731">
        <ele>16.01</ele>
      </trkpt>
      <trkpt lat="33.285192120820284" lon="130.51067059859633">
        <ele>15.62</ele>
      </trkpt>
      <trkpt lat="33.28514099121094" lon="130.51032543182373">
        <ele>15.3</ele>
      </trkpt>
      <trkpt lat="33.28501174226403" lon="130.5099925864488">
        <ele>14.96</ele>
      </trkpt>
      <trkpt lat="33.28488249331713" lon="130.50965974107385">
        <ele>14.66</ele>
      </trkpt>
      <trkpt lat="33.284753328189254" lon="130.5093268956989">
        <ele>14.35</ele>
      </trkpt>
      <trkpt lat="33.28462466597557" lon="130.5089954752475">
        <ele>14.0</ele>
      </trkpt>
      <trkpt lat="33.284528609365225" lon="130.50874820910394">
        <ele>13.61</ele>
      </trkpt>
      <trkpt lat="33.284432888031006" lon="130.5085015296936">
        <ele>13.22</ele>
      </trkpt>
      <trkpt lat="33.28443297185004" lon="130.5085015296936">
        <ele>12.9</ele>
      </trkpt>
      <trkpt lat="33.28430422581732" lon="130.50820112228394">
        <ele>12.59</ele>
      </trkpt>
      <trkpt lat="33.28422895632684" lon="130.5079324822873">
        <ele>12.42</ele>
      </trkpt>
      <trkpt lat="33.284153770655394" lon="130.50766392610967">
        <ele>12.23</ele>
      </trkpt>
      <trkpt lat="33.284078584983945" lon="130.50739528611302">
        <ele>11.93</ele>
      </trkpt>
      <trkpt lat="33.284003818407655" lon="130.50712823867798">
        <ele>11.68</ele>
      </trkpt>
      <trkpt lat="33.28396090306342" lon="130.50699949264526">
        <ele>11.46</ele>
      </trkpt>
      <trkpt lat="33.28385353088379" lon="130.50665616989136">
        <ele>11.23</ele>
      </trkpt>
      <trkpt lat="33.28376761637628" lon="130.50648434087634">
        <ele>10.94</ele>
      </trkpt>
      <trkpt lat="33.283681869506836" lon="130.50631284713745">
        <ele>10.67</ele>
      </trkpt>
      <trkpt lat="33.283523032441735" lon="130.50605099648237">
        <ele>10.41</ele>
      </trkpt>
      <trkpt lat="33.283364195376635" lon="130.5057891458273">
        <ele>10.31</ele>
      </trkpt>
      <trkpt lat="33.283205442130566" lon="130.50552729517221">
        <ele>10.27</ele>
      </trkpt>
      <trkpt lat="33.283046605065465" lon="130.50526544451714">
        <ele>10.22</ele>
      </trkpt>
      <trkpt lat="33.28288801945746" lon="130.50500392913818">
        <ele>10.12</ele>
      </trkpt>
      <trkpt lat="33.2826735265553" lon="130.5047608539462">
        <ele>9.98</ele>
      </trkpt>
      <trkpt lat="33.28245911747217" lon="130.50451777875423">
        <ele>10.0</ele>
      </trkpt>
      <trkpt lat="33.282244289293885" lon="130.50427436828613">
        <ele>10.08</ele>
      </trkpt>
      <trkpt lat="33.282072711735964" lon="130.5040884576738">
        <ele>10.14</ele>
      </trkpt>
      <trkpt lat="33.28190113417804" lon="130.50390263088048">
        <ele>10.18</ele>
      </trkpt>
      <trkpt lat="33.281729221343994" lon="130.50371646881104">
        <ele>10.21</ele>
      </trkpt>
      <trkpt lat="33.281729305163026" lon="130.50371646881104">
        <ele>10.34</ele>
      </trkpt>
      <trkpt lat="33.28150768764317" lon="130.50347339361906">
        <ele>10.53</ele>
      </trkpt>
      <trkpt lat="33.28128615394235" lon="130.50323040224612">
        <ele>10.87</ele>
      </trkpt>
      <trkpt lat="33.28106411732733" lon="130.50298690795898">
        <ele>11.19</ele>
      </trkpt>
      <trkpt lat="33.2809139136225" lon="130.50275087356567">
        <ele>11.48</ele>
      </trkpt>
      <trkpt lat="33.28087099827826" lon="130.50270795822144">
        <ele>11.71</ele>
      </trkpt>
      <trkpt lat="33.28082808293402" lon="130.50260066986084">
        <ele>11.94</ele>
      </trkpt>
      <trkpt lat="33.28069933690131" lon="130.50253629684448">
        <ele>12.16</ele>
      </trkpt>
      <trkpt lat="33.28041401691735" lon="130.50254342146218">
        <ele>12.36</ele>
      </trkpt>
      <trkpt lat="33.28012869693339" lon="130.50255054607987">
        <ele>12.59</ele>
      </trkpt>
      <trkpt lat="33.27984103001654" lon="130.5025577545166">
        <ele>12.84</ele>
      </trkpt>
      <trkpt lat="33.279584208503366" lon="130.5025149229914">
        <ele>13.09</ele>
      </trkpt>
      <trkpt lat="33.27932738699019" lon="130.5024720914662">
        <ele>13.37</ele>
      </trkpt>
      <trkpt lat="33.27906855382025" lon="130.5024290084839">
        <ele>13.6</ele>
      </trkpt>
      <trkpt lat="33.27876890078187" lon="130.50237544812262">
        <ele>13.76</ele>
      </trkpt>
      <trkpt lat="33.27846773900092" lon="130.5023217201233">
        <ele>13.95</ele>
      </trkpt>
      <trkpt lat="33.27824302017689" lon="130.50227888859808">
        <ele>14.21</ele>
      </trkpt>
      <trkpt lat="33.278017127886415" lon="130.50223588943481">
        <ele>14.52</ele>
      </trkpt>
      <trkpt lat="33.27779592946172" lon="130.5022001825273">
        <ele>14.71</ele>
      </trkpt>
      <trkpt lat="33.27757481485605" lon="130.50216455943882">
        <ele>14.93</ele>
      </trkpt>
      <trkpt lat="33.27735194005072" lon="130.50212860107422">
        <ele>15.24</ele>
      </trkpt>
      <trkpt lat="33.27706838026643" lon="130.50212860107422">
        <ele>15.5</ele>
      </trkpt>
      <trkpt lat="33.27678490430117" lon="130.50212860107422">
        <ele>15.58</ele>
      </trkpt>
      <trkpt lat="33.27650134451687" lon="130.50212860107422">
        <ele>15.54</ele>
      </trkpt>
      <trkpt lat="33.27621468342841" lon="130.50212860107422">
        <ele>15.37</ele>
      </trkpt>
      <trkpt lat="33.27615022659302" lon="130.50212860107422">
        <ele>15.33</ele>
      </trkpt>
      <trkpt lat="33.27615031041205" lon="130.50204277038574">
        <ele>15.31</ele>
      </trkpt>
      <trkpt lat="33.27615022659302" lon="130.50180623307824">
        <ele>15.21</ele>
      </trkpt>
      <trkpt lat="33.27615022659302" lon="130.50157070159912">
        <ele>15.08</ele>
      </trkpt>
      <trkpt lat="33.27615031041205" lon="130.50150632858276">
        <ele>14.97</ele>
      </trkpt>
      <trkpt lat="33.27615031041205" lon="130.5012590624392">
        <ele>14.86</ele>
      </trkpt>
      <trkpt lat="33.27615031041205" lon="130.50101280212402">
        <ele>14.75</ele>
      </trkpt>
      <trkpt lat="33.27615022659302" lon="130.5009913444519">
        <ele>14.61</ele>
      </trkpt>
      <trkpt lat="33.27615031041205" lon="130.5009913444519">
        <ele>14.47</ele>
      </trkpt>
      <trkpt lat="33.27615031041205" lon="130.5007870774716">
        <ele>14.34</ele>
      </trkpt>
      <trkpt lat="33.27615031041205" lon="130.50058364868164">
        <ele>14.17</ele>
      </trkpt>
      <trkpt lat="33.27617176808417" lon="130.5003261566162">
        <ele>13.99</ele>
      </trkpt>
      <trkpt lat="33.27617176808417" lon="130.50026178359985">
        <ele>13.79</ele>
      </trkpt>
      <trkpt lat="33.27619322575629" lon="130.50000378862023">
        <ele>13.53</ele>
      </trkpt>
      <trkpt lat="33.27621468342841" lon="130.499746799469">
        <ele>13.3</ele>
      </trkpt>
      <trkpt lat="33.27625047415495" lon="130.4994386807084">
        <ele>13.14</ele>
      </trkpt>
      <trkpt lat="33.27628626488149" lon="130.49913056194782">
        <ele>12.98</ele>
      </trkpt>
      <trkpt lat="33.276321971789" lon="130.49882411956787">
        <ele>12.74</ele>
      </trkpt>
      <trkpt lat="33.27632188796997" lon="130.49880266189575">
        <ele>12.47</ele>
      </trkpt>
      <trkpt lat="33.276321971789" lon="130.49880266189575">
        <ele>12.19</ele>
      </trkpt>
      <trkpt lat="33.27636488713324" lon="130.49843184649944">
        <ele>11.84</ele>
      </trkpt>
      <trkpt lat="33.27640788629651" lon="130.49806103110313">
        <ele>11.45</ele>
      </trkpt>
      <trkpt lat="33.27645088545978" lon="130.49769021570683">
        <ele>11.06</ele>
      </trkpt>
      <trkpt lat="33.276493633165956" lon="130.49732208251953">
        <ele>10.75</ele>
      </trkpt>
      <trkpt lat="33.276525819674134" lon="130.49697808921337">
        <ele>10.4</ele>
      </trkpt>
      <trkpt lat="33.27655800618231" lon="130.49663543701172">
        <ele>10.0</ele>
      </trkpt>
      <trkpt lat="33.27660812996328" lon="130.49626998603344">
        <ele>9.48</ele>
      </trkpt>
      <trkpt lat="33.276658253744245" lon="130.4959046188742">
        <ele>9.11</ele>
      </trkpt>
      <trkpt lat="33.27670820988715" lon="130.49554109573364">
        <ele>8.77</ele>
      </trkpt>
      <trkpt lat="33.276740396395326" lon="130.49518637359142">
        <ele>8.44</ele>
      </trkpt>
      <trkpt lat="33.276772582903504" lon="130.4948329925537">
        <ele>8.1</ele>
      </trkpt>
      <trkpt lat="33.27679404057562" lon="130.49455404281616">
        <ele>7.75</ele>
      </trkpt>
      <trkpt lat="33.27683695591986" lon="130.49421072006226">
        <ele>7.51</ele>
      </trkpt>
      <trkpt lat="33.27686914242804" lon="130.49392045475543">
        <ele>7.31</ele>
      </trkpt>
      <trkpt lat="33.27690141275525" lon="130.49363027326763">
        <ele>7.13</ele>
      </trkpt>
      <trkpt lat="33.27693368308246" lon="130.49334009177983">
        <ele>6.84</ele>
      </trkpt>
      <trkpt lat="33.27696570195258" lon="130.49305200576782">
        <ele>6.55</ele>
      </trkpt>
      <trkpt lat="33.27699428424239" lon="130.49277967773378">
        <ele>6.31</ele>
      </trkpt>
      <trkpt lat="33.27702295035124" lon="130.49250743351877">
        <ele>6.17</ele>
      </trkpt>
      <trkpt lat="33.27705153264105" lon="130.4922366142273">
        <ele>6.04</ele>
      </trkpt>
      <trkpt lat="33.27709444798529" lon="130.49204349517822">
        <ele>5.92</ele>
      </trkpt>
      <trkpt lat="33.277123030275106" lon="130.49179270863533">
        <ele>5.82</ele>
      </trkpt>
      <trkpt lat="33.27715169638395" lon="130.49154192209244">
        <ele>5.74</ele>
      </trkpt>
      <trkpt lat="33.27718027867377" lon="130.49129247665405">
        <ele>5.68</ele>
      </trkpt>
      <trkpt lat="33.27718027867377" lon="130.49127101898193">
        <ele>5.7</ele>
      </trkpt>
      <trkpt lat="33.277223194018006" lon="130.49092769622803">
        <ele>5.77</ele>
      </trkpt>
      <trkpt lat="33.277244651690125" lon="130.4907774925232">
        <ele>5.9</ele>
      </trkpt>
      <trkpt lat="33.277244567871094" lon="130.49053022637963">
        <ele>6.08</ele>
      </trkpt>
      <trkpt lat="33.277244567871094" lon="130.49028396606445">
        <ele>6.26</ele>
      </trkpt>
      <trkpt lat="33.277244651690125" lon="130.49028396606445">
        <ele>6.43</ele>
      </trkpt>
      <trkpt lat="33.27718371525407" lon="130.48994718119502">
        <ele>6.7</ele>
      </trkpt>
      <trkpt lat="33.27712277881801" lon="130.48961048014462">
        <ele>7.0</ele>
      </trkpt>
      <trkpt lat="33.277061926200986" lon="130.48927377909422">
        <ele>7.29</ele>
      </trkpt>
      <trkpt lat="33.27700098976493" lon="130.4889369942248">
        <ele>7.47</ele>
      </trkpt>
      <trkpt lat="33.27694005332887" lon="130.4886002931744">
        <ele>7.63</ele>
      </trkpt>
      <trkpt lat="33.27687978744507" lon="130.48826694488525">
        <ele>7.8</ele>
      </trkpt>
      <trkpt lat="33.27687978744507" lon="130.48789529129863">
        <ele>7.97</ele>
      </trkpt>
      <trkpt lat="33.27687978744507" lon="130.48752372153103">
        <ele>8.15</ele>
      </trkpt>
      <trkpt lat="33.27687978744507" lon="130.48715215176344">
        <ele>8.47</ele>
      </trkpt>
      <trkpt lat="33.27687978744507" lon="130.4867804981768">
        <ele>8.71</ele>
      </trkpt>
      <trkpt lat="33.27687978744507" lon="130.48640892840922">
        <ele>9.02</ele>
      </trkpt>
      <trkpt lat="33.2768798712641" lon="130.48603735864162">
        <ele>9.47</ele>
      </trkpt>
      <trkpt lat="33.2768798712641" lon="130.48567056655884">
        <ele>9.89</ele>
      </trkpt>
      <trkpt lat="33.27687978744507" lon="130.4852964822203">
        <ele>10.26</ele>
      </trkpt>
      <trkpt lat="33.27687978744507" lon="130.48492239788175">
        <ele>10.38</ele>
      </trkpt>
      <trkpt lat="33.27687978744507" lon="130.48454839736223">
        <ele>10.56</ele>
      </trkpt>
      <trkpt lat="33.27687978744507" lon="130.4841743130237">
        <ele>10.82</ele>
      </trkpt>
      <trkpt lat="33.27687978744507" lon="130.48380374908447">
        <ele>11.02</ele>
      </trkpt>
      <trkpt lat="33.2768798712641" lon="130.48380374908447">
        <ele>11.16</ele>
      </trkpt>
      <trkpt lat="33.27687978744507" lon="130.48347693867981">
        <ele>11.32</ele>
      </trkpt>
      <trkpt lat="33.27687978744507" lon="130.4831502120942">
        <ele>11.41</ele>
      </trkpt>
      <trkpt lat="33.27687978744507" lon="130.48282340168953">
        <ele>11.51</ele>
      </trkpt>
      <trkpt lat="33.27687978744507" lon="130.4824966751039">
        <ele>11.47</ele>
      </trkpt>
      <trkpt lat="33.27687978744507" lon="130.48217296600342">
        <ele>11.38</ele>
      </trkpt>
      <trkpt lat="33.27684751711786" lon="130.48189351335168">
        <ele>11.27</ele>
      </trkpt>
      <trkpt lat="33.27681549824774" lon="130.48161506652832">
        <ele>11.14</ele>
      </trkpt>
      <trkpt lat="33.27679395675659" lon="130.48155069351196">
        <ele>11.04</ele>
      </trkpt>
      <trkpt lat="33.27679404057562" lon="130.48155069351196">
        <ele>10.91</ele>
      </trkpt>
      <trkpt lat="33.27669949270785" lon="130.48123695887625">
        <ele>10.81</ele>
      </trkpt>
      <trkpt lat="33.276604944840074" lon="130.48092322424054">
        <ele>10.67</ele>
      </trkpt>
      <trkpt lat="33.2765103969723" lon="130.48060957342386">
        <ele>10.5</ele>
      </trkpt>
      <trkpt lat="33.276415849104524" lon="130.48029583878815">
        <ele>10.25</ele>
      </trkpt>
      <trkpt lat="33.276321971789" lon="130.47998428344727">
        <ele>9.9</ele>
      </trkpt>
      <trkpt lat="33.27621233649552" lon="130.47966417856514">
        <ele>9.56</ele>
      </trkpt>
      <trkpt lat="33.27610278502107" lon="130.47934407368302">
        <ele>9.4</ele>
      </trkpt>
      <trkpt lat="33.275993233546615" lon="130.4790239688009">
        <ele>9.12</ele>
      </trkpt>
      <trkpt lat="33.27588368207216" lon="130.47870386391878">
        <ele>8.8</ele>
      </trkpt>
      <trkpt lat="33.27577413059771" lon="130.47838375903666">
        <ele>8.61</ele>
      </trkpt>
      <trkpt lat="33.27566457912326" lon="130.47806365415454">
        <ele>8.19</ele>
      </trkpt>
      <trkpt lat="33.27555502764881" lon="130.47774354927242">
        <ele>7.78</ele>
      </trkpt>
      <trkpt lat="33.275445476174355" lon="130.4774234443903">
        <ele>7.32</ele>
      </trkpt>
      <trkpt lat="33.2753359246999" lon="130.47710333950818">
        <ele>6.93</ele>
      </trkpt>
      <trkpt lat="33.275227630510926" lon="130.4767870903015">
        <ele>6.6</ele>
      </trkpt>
      <trkpt lat="33.27514179982245" lon="130.47657251358032">
        <ele>6.28</ele>
      </trkpt>
      <trkpt lat="33.27509888447821" lon="130.4765510559082">
        <ele>5.99</ele>
      </trkpt>
      <trkpt lat="33.27485262416303" lon="130.47644393518567">
        <ele>5.72</ele>
      </trkpt>
      <trkpt lat="33.27460527420044" lon="130.476336479187">
        <ele>5.6</ele>
      </trkpt>
      <trkpt lat="33.274555150419474" lon="130.47604269348085">
        <ele>5.43</ele>
      </trkpt>
      <trkpt lat="33.27450502663851" lon="130.47574899159372">
        <ele>5.29</ele>
      </trkpt>
      <trkpt lat="33.27445515431464" lon="130.47545671463013">
        <ele>5.08</ele>
      </trkpt>
      <trkpt lat="33.274390613660216" lon="130.47523107379675">
        <ele>4.89</ele>
      </trkpt>
      <trkpt lat="33.27432640828192" lon="130.47500610351562">
        <ele>4.75</ele>
      </trkpt>
      <trkpt lat="33.27429405413568" lon="130.47469438053668">
        <ele>4.63</ele>
      </trkpt>
      <trkpt lat="33.27426195144653" lon="130.47438383102417">
        <ele>4.58</ele>
      </trkpt>
      <trkpt lat="33.27426195144653" lon="130.47417956404388">
        <ele>4.56</ele>
      </trkpt>
      <trkpt lat="33.27426195144653" lon="130.4739761352539">
        <ele>4.55</ele>
      </trkpt>
      <trkpt lat="33.274262035265565" lon="130.4739761352539">
        <ele>4.55</ele>
      </trkpt>
      <trkpt lat="33.27433504164219" lon="130.47364940866828">
        <ele>4.61</ele>
      </trkpt>
      <trkpt lat="33.274408131837845" lon="130.47332276590168">
        <ele>4.69</ele>
      </trkpt>
      <trkpt lat="33.27448113821447" lon="130.4729961231351">
        <ele>4.73</ele>
      </trkpt>
      <trkpt lat="33.274554228410125" lon="130.4726694803685">
        <ele>4.8</ele>
      </trkpt>
      <trkpt lat="33.27462673187256" lon="130.47234535217285">
        <ele>4.84</ele>
      </trkpt>
      <trkpt lat="33.274691104888916" lon="130.47216271050274">
        <ele>4.91</ele>
      </trkpt>
      <trkpt lat="33.27475547790527" lon="130.47198057174683">
        <ele>4.96</ele>
      </trkpt>
      <trkpt lat="33.27488782815635" lon="130.47170137055218">
        <ele>4.99</ele>
      </trkpt>
      <trkpt lat="33.27502026222646" lon="130.47142225317657">
        <ele>4.96</ele>
      </trkpt>
      <trkpt lat="33.27515269629657" lon="130.47114313580096">
        <ele>4.93</ele>
      </trkpt>
      <trkpt lat="33.27528513036668" lon="130.4708639346063">
        <ele>5.03</ele>
      </trkpt>
      <trkpt lat="33.27541756443679" lon="130.4705848172307">
        <ele>5.16</ele>
      </trkpt>
      <trkpt lat="33.27554949559271" lon="130.47030687332153">
        <ele>5.25</ele>
      </trkpt>
      <trkpt lat="33.27567824162543" lon="130.47005457803607">
        <ele>5.3</ele>
      </trkpt>
      <trkpt lat="33.275807071477175" lon="130.4698022827506">
        <ele>5.35</ele>
      </trkpt>
      <trkpt lat="33.27593581750989" lon="130.46954998746514">
        <ele>5.43</ele>
      </trkpt>
      <trkpt lat="33.27606439590454" lon="130.46929836273193">
        <ele>5.54</ele>
      </trkpt>
      <trkpt lat="33.276225328445435" lon="130.46905688010156">
        <ele>5.63</ele>
      </trkpt>
      <trkpt lat="33.27638626098633" lon="130.46881548129022">
        <ele>5.68</ele>
      </trkpt>
      <trkpt lat="33.27654719352722" lon="130.46857408247888">
        <ele>5.68</ele>
      </trkpt>
      <trkpt lat="33.276708126068115" lon="130.46833276748657">
        <ele>5.76</ele>
      </trkpt>
      <trkpt lat="33.27681541442871" lon="130.46812875196338">
        <ele>5.89</ele>
      </trkpt>
      <trkpt lat="33.27692270278931" lon="130.4679250717163">
        <ele>6.05</ele>
      </trkpt>
      <trkpt lat="33.277008617296815" lon="130.46768157742918">
        <ele>6.2</ele>
      </trkpt>
      <trkpt lat="33.277094615623355" lon="130.46743808314204">
        <ele>6.33</ele>
      </trkpt>
      <trkpt lat="33.27718027867377" lon="130.46719551086426">
        <ele>6.4</ele>
      </trkpt>
      <trkpt lat="33.27726082876325" lon="130.46688387170434">
        <ele>6.41</ele>
      </trkpt>
      <trkpt lat="33.277341378852725" lon="130.46657231636345">
        <ele>6.4</ele>
      </trkpt>
      <trkpt lat="33.2774219289422" lon="130.46626076102257">
        <ele>6.38</ele>
      </trkpt>
      <trkpt lat="33.27750205993652" lon="130.46595096588135">
        <ele>6.37</ele>
      </trkpt>
      <trkpt lat="33.27753961086273" lon="130.46558015048504">
        <ele>6.4</ele>
      </trkpt>
      <trkpt lat="33.27757724560797" lon="130.46520933508873">
        <ele>6.38</ele>
      </trkpt>
      <trkpt lat="33.27761488035321" lon="130.46483851969242">
        <ele>6.35</ele>
      </trkpt>
      <trkpt lat="33.27765226364136" lon="130.46447038650513">
        <ele>6.22</ele>
      </trkpt>
      <trkpt lat="33.27765234746039" lon="130.46447038650513">
        <ele>6.14</ele>
      </trkpt>
      <trkpt lat="33.27766659669578" lon="130.4642195161432">
        <ele>6.0</ele>
      </trkpt>
      <trkpt lat="33.277680929750204" lon="130.4639687296003">
        <ele>5.86</ele>
      </trkpt>
      <trkpt lat="33.277695178985596" lon="130.46371936798096">
        <ele>5.78</ele>
      </trkpt>
      <trkpt lat="33.277695178985596" lon="130.46334846876562">
        <ele>5.73</ele>
      </trkpt>
      <trkpt lat="33.277695178985596" lon="130.4629776533693">
        <ele>5.61</ele>
      </trkpt>
      <trkpt lat="33.277695178985596" lon="130.462606837973">
        <ele>5.42</ele>
      </trkpt>
      <trkpt lat="33.277695178985596" lon="130.46223878860474">
        <ele>5.24</ele>
      </trkpt>
      <trkpt lat="33.27766751870513" lon="130.46191633678973">
        <ele>5.09</ele>
      </trkpt>
      <trkpt lat="33.27763985842466" lon="130.46159388497472">
        <ele>4.94</ele>
      </trkpt>
      <trkpt lat="33.2776121981442" lon="130.4612714331597">
        <ele>4.83</ele>
      </trkpt>
      <trkpt lat="33.27758462168276" lon="130.4609489813447">
        <ele>4.67</ele>
      </trkpt>
      <trkpt lat="33.2775569614023" lon="130.4606265295297">
        <ele>4.52</ele>
      </trkpt>
      <trkpt lat="33.27752930112183" lon="130.46030407771468">
        <ele>4.41</ele>
      </trkpt>
      <trkpt lat="33.27750205993652" lon="130.45998573303223">
        <ele>4.37</ele>
      </trkpt>
      <trkpt lat="33.2774375192821" lon="130.45962749049067">
        <ele>4.38</ele>
      </trkpt>
      <trkpt lat="33.27737306244671" lon="130.45926924794912">
        <ele>4.38</ele>
      </trkpt>
      <trkpt lat="33.27730894088745" lon="130.45891284942627">
        <ele>4.3</ele>
      </trkpt>
      <trkpt lat="33.27730902470648" lon="130.45891284942627">
        <ele>4.25</ele>
      </trkpt>
      <trkpt lat="33.27725169248879" lon="130.45859039761126">
        <ele>4.19</ele>
      </trkpt>
      <trkpt lat="33.277194360271096" lon="130.45826802961528">
        <ele>4.12</ele>
      </trkpt>
      <trkpt lat="33.2771370280534" lon="130.4579456616193">
        <ele>4.1</ele>
      </trkpt>
      <trkpt lat="33.27707969583571" lon="130.4576232098043">
        <ele>4.05</ele>
      </trkpt>
      <trkpt lat="33.277022363618016" lon="130.45730084180832">
        <ele>4.12</ele>
      </trkpt>
      <trkpt lat="33.276965618133545" lon="130.45698165893555">
        <ele>4.24</ele>
      </trkpt>
      <trkpt lat="33.27696570195258" lon="130.45698165893555">
        <ele>4.21</ele>
      </trkpt>
      <trkpt lat="33.276890432462096" lon="130.45670229010284">
        <ele>4.06</ele>
      </trkpt>
      <trkpt lat="33.27681541442871" lon="130.45642375946045">
        <ele>3.9</ele>
      </trkpt>
      <trkpt lat="33.27669722959399" lon="130.45612301677465">
        <ele>3.86</ele>
      </trkpt>
      <trkpt lat="33.2765793800354" lon="130.4558229446411">
        <ele>3.91</ele>
      </trkpt>
      <trkpt lat="33.276393385604024" lon="130.4555224534124">
        <ele>3.82</ele>
      </trkpt>
      <trkpt lat="33.27620739117265" lon="130.4552219621837">
        <ele>3.81</ele>
      </trkpt>
      <trkpt lat="33.276021564379334" lon="130.4549217224121">
        <ele>3.82</ele>
      </trkpt>
      <trkpt lat="33.275812435895205" lon="130.45470731332898">
        <ele>3.83</ele>
      </trkpt>
      <trkpt lat="33.275603391230106" lon="130.45449290424585">
        <ele>3.76</ele>
      </trkpt>
      <trkpt lat="33.27539434656501" lon="130.45427849516273">
        <ele>3.66</ele>
      </trkpt>
      <trkpt lat="33.275184631347656" lon="130.45406341552734">
        <ele>3.55</ele>
      </trkpt>
      <trkpt lat="33.27518471516669" lon="130.45406341552734">
        <ele>3.53</ele>
      </trkpt>
      <trkpt lat="33.27500249259174" lon="130.45391337946057">
        <ele>3.45</ele>
      </trkpt>
      <trkpt lat="33.27481985092163" lon="130.45376300811768">
        <ele>3.41</ele>
      </trkpt>
      <trkpt lat="33.27456713654101" lon="130.45361733064055">
        <ele>3.43</ele>
      </trkpt>
      <trkpt lat="33.27431442216039" lon="130.45347173698246">
        <ele>3.56</ele>
      </trkpt>
      <trkpt lat="33.274061707779765" lon="130.45332605950534">
        <ele>3.72</ele>
      </trkpt>
      <trkpt lat="33.273809077218175" lon="130.45318046584725">
        <ele>3.86</ele>
      </trkpt>
      <trkpt lat="33.27355393208563" lon="130.45303344726562">
        <ele>3.95</ele>
      </trkpt>
      <trkpt lat="33.27346810139716" lon="130.4529905319214">
        <ele>4.07</ele>
      </trkpt>
      <trkpt lat="33.27321119606495" lon="130.45287628658116">
        <ele>4.2</ele>
      </trkpt>
      <trkpt lat="33.27295429073274" lon="130.45276212505996">
        <ele>4.34</ele>
      </trkpt>
      <trkpt lat="33.27269562520087" lon="130.45264720916748">
        <ele>4.49</ele>
      </trkpt>
      <trkpt lat="33.27246721833944" lon="130.45256867073476">
        <ele>4.59</ele>
      </trkpt>
      <trkpt lat="33.27223889529705" lon="130.45249021612108">
        <ele>4.67</ele>
      </trkpt>
      <trkpt lat="33.27200889587402" lon="130.45241117477417">
        <ele>4.75</ele>
      </trkpt>
      <trkpt lat="33.272008979693055" lon="130.45241117477417">
        <ele>4.84</ele>
      </trkpt>
      <trkpt lat="33.27196732163429" lon="130.45239734463394">
        <ele>4.93</ele>
      </trkpt>
      <trkpt lat="33.27188014984131" lon="130.45236825942993">
        <ele>5.01</ele>
      </trkpt>
      <trkpt lat="33.27188023366034" lon="130.45236825942993">
        <ele>5.07</ele>
      </trkpt>
      <trkpt lat="33.27162274159491" lon="130.4523253440857">
        <ele>5.23</ele>
      </trkpt>
      <trkpt lat="33.271355191245675" lon="130.45229324139655">
        <ele>5.3</ele>
      </trkpt>
      <trkpt lat="33.27108629979193" lon="130.45226097106934">
        <ele>5.28</ele>
      </trkpt>
      <trkpt lat="33.27077390626073" lon="130.4522608872503">
        <ele>5.28</ele>
      </trkpt>
      <trkpt lat="33.270461512729526" lon="130.4522608872503">
        <ele>5.22</ele>
      </trkpt>
      <trkpt lat="33.27014911919832" lon="130.4522608872503">
        <ele>5.11</ele>
      </trkpt>
      <trkpt lat="33.26983672566712" lon="130.4522608872503">
        <ele>5.1</ele>
      </trkpt>
      <trkpt lat="33.269519889727235" lon="130.45226097106934">
        <ele>5.16</ele>
      </trkpt>
      <trkpt lat="33.26932727359235" lon="130.4522608872503">
        <ele>5.21</ele>
      </trkpt>
      <trkpt lat="33.26913356781006" lon="130.45226097106934">
        <ele>5.25</ele>
      </trkpt>
      <trkpt lat="33.26913365162909" lon="130.45226097106934">
        <ele>5.24</ele>
      </trkpt>
      <trkpt lat="33.268973138183355" lon="130.4522608872503">
        <ele>5.26</ele>
      </trkpt>
      <trkpt lat="33.2688117865473" lon="130.45226097106934">
        <ele>5.28</ele>
      </trkpt>
      <trkpt lat="33.26856569387019" lon="130.45225024223328">
        <ele>5.25</ele>
      </trkpt>
      <trkpt lat="33.26831826008856" lon="130.45223951339722">
        <ele>5.12</ele>
      </trkpt>
      <trkpt lat="33.26806143857539" lon="130.4522251803428">
        <ele>5.07</ele>
      </trkpt>
      <trkpt lat="33.26780470088124" lon="130.4522109311074">
        <ele>5.07</ele>
      </trkpt>
      <trkpt lat="33.267545783892274" lon="130.45219659805298">
        <ele>5.05</ele>
      </trkpt>
      <trkpt lat="33.267310336232185" lon="130.4521430376917">
        <ele>4.97</ele>
      </trkpt>
      <trkpt lat="33.26707497239113" lon="130.45208956114948">
        <ele>4.89</ele>
      </trkpt>
      <trkpt lat="33.26683952473104" lon="130.45203608460724">
        <ele>4.89</ele>
      </trkpt>
      <trkpt lat="33.26660164631903" lon="130.4519820213318">
        <ele>4.94</ele>
      </trkpt>
      <trkpt lat="33.26636611483991" lon="130.45189635828137">
        <ele>4.93</ele>
      </trkpt>
      <trkpt lat="33.26613066717982" lon="130.45181077905">
        <ele>4.83</ele>
      </trkpt>
      <trkpt lat="33.2658935431391" lon="130.45172452926636">
        <ele>4.66</ele>
      </trkpt>
      <trkpt lat="33.265665052458644" lon="130.45161028392613">
        <ele>4.52</ele>
      </trkpt>
      <trkpt lat="33.26543664559722" lon="130.45149612240493">
        <ele>4.47</ele>
      </trkpt>
      <trkpt lat="33.265206813812256" lon="130.45138120651245">
        <ele>4.41</ele>
      </trkpt>
      <trkpt lat="33.26502467505634" lon="130.45124189928174">
        <ele>4.3</ele>
      </trkpt>
      <trkpt lat="33.26484211720526" lon="130.4511022567749">
        <ele>4.17</ele>
      </trkpt>
      <trkpt lat="33.264606250450015" lon="130.45089866034687">
        <ele>4.05</ele>
      </trkpt>
      <trkpt lat="33.26436996459961" lon="130.45069456100464">
        <ele>4.11</ele>
      </trkpt>
      <trkpt lat="33.264241218566895" lon="130.45052289962769">
        <ele>4.07</ele>
      </trkpt>
      <trkpt lat="33.26409093104303" lon="130.4502581153065">
        <ele>4.0</ele>
      </trkpt>
      <trkpt lat="33.26394064351916" lon="130.4499933309853">
        <ele>4.0</ele>
      </trkpt>
      <trkpt lat="33.26379060745239" lon="130.44972896575928">
        <ele>4.01</ele>
      </trkpt>
      <trkpt lat="33.26368340291083" lon="130.4494071006775">
        <ele>3.96</ele>
      </trkpt>
      <trkpt lat="33.26361886225641" lon="130.44907392002642">
        <ele>3.92</ele>
      </trkpt>
      <trkpt lat="33.263554656878114" lon="130.4487419128418">
        <ele>3.94</ele>
      </trkpt>
      <trkpt lat="33.26349439099431" lon="130.44841091148555">
        <ele>4.01</ele>
      </trkpt>
      <trkpt lat="33.26343420892954" lon="130.4480799101293">
        <ele>4.07</ele>
      </trkpt>
      <trkpt lat="33.26337402686477" lon="130.44774890877306">
        <ele>4.03</ele>
      </trkpt>
      <trkpt lat="33.263313844799995" lon="130.44741790741682">
        <ele>3.99</ele>
      </trkpt>
      <trkpt lat="33.263254165649414" lon="130.44708967208862">
        <ele>4.13</ele>
      </trkpt>
      <trkpt lat="33.263254249468446" lon="130.44708967208862">
        <ele>4.23</ele>
      </trkpt>
      <trkpt lat="33.26319691725075" lon="130.44672422111034">
        <ele>4.44</ele>
      </trkpt>
      <trkpt lat="33.26313958503306" lon="130.4463588539511">
        <ele>4.58</ele>
      </trkpt>
      <trkpt lat="33.26308258809149" lon="130.44599533081055">
        <ele>4.72</ele>
      </trkpt>
      <trkpt lat="33.26308258809149" lon="130.44586658477783">
        <ele>4.9</ele>
      </trkpt>
      <trkpt lat="33.26305031776428" lon="130.44553332030773">
        <ele>5.02</ele>
      </trkpt>
      <trkpt lat="33.263018215075135" lon="130.44520139694214">
        <ele>5.07</ele>
      </trkpt>
      <trkpt lat="33.262996757403016" lon="130.44502973556519">
        <ele>5.13</ele>
      </trkpt>
      <trkpt lat="33.263007402420044" lon="130.44472337700427">
        <ele>5.25</ele>
      </trkpt>
      <trkpt lat="33.2630181312561" lon="130.44441701844335">
        <ele>5.46</ele>
      </trkpt>
      <trkpt lat="33.26302886009216" lon="130.44411065988243">
        <ele>5.69</ele>
      </trkpt>
      <trkpt lat="33.26303958892822" lon="130.4438066482544">
        <ele>5.82</ele>
      </trkpt>
      <trkpt lat="33.263075379654765" lon="130.44346986338496">
        <ele>5.9</ele>
      </trkpt>
      <trkpt lat="33.26311125420034" lon="130.44313307851553">
        <ele>6.14</ele>
      </trkpt>
      <trkpt lat="33.26314696110785" lon="130.4427981376648">
        <ele>6.29</ele>
      </trkpt>
      <trkpt lat="33.26321133412421" lon="130.4425402265042">
        <ele>6.28</ele>
      </trkpt>
      <trkpt lat="33.26327562332153" lon="130.44228315353394">
        <ele>6.26</ele>
      </trkpt>
      <trkpt lat="33.263275707140565" lon="130.44228315353394">
        <ele>6.28</ele>
      </trkpt>
      <trkpt lat="33.26334008015692" lon="130.44207897037268">
        <ele>6.29</ele>
      </trkpt>
      <trkpt lat="33.26340445317328" lon="130.44187545776367">
        <ele>6.28</ele>
      </trkpt>
      <trkpt lat="33.263544011861086" lon="130.44156407006085">
        <ele>6.28</ele>
      </trkpt>
      <trkpt lat="33.26368357054889" lon="130.44125268235803">
        <ele>6.19</ele>
      </trkpt>
      <trkpt lat="33.2638231292367" lon="130.4409412946552">
        <ele>6.14</ele>
      </trkpt>
      <trkpt lat="33.263962268829346" lon="130.44063091278076">
        <ele>6.06</ele>
      </trkpt>
      <trkpt lat="33.2641339302063" lon="130.44033033773303">
        <ele>5.96</ele>
      </trkpt>
      <trkpt lat="33.264305675402284" lon="130.44002984650433">
        <ele>5.78</ele>
      </trkpt>
      <trkpt lat="33.26447742059827" lon="130.43972935527563">
        <ele>5.6</ele>
      </trkpt>
      <trkpt lat="33.26464891433716" lon="130.4394292831421">
        <ele>5.43</ele>
      </trkpt>
      <trkpt lat="33.26464899815619" lon="130.4394292831421">
        <ele>5.29</ele>
      </trkpt>
      <trkpt lat="33.26482594013214" lon="130.43921479023993">
        <ele>5.1</ele>
      </trkpt>
      <trkpt lat="33.26500288210809" lon="130.43900029733777">
        <ele>4.93</ele>
      </trkpt>
      <trkpt lat="33.26517982408404" lon="130.4387858044356">
        <ele>4.78</ele>
      </trkpt>
      <trkpt lat="33.26535710133612" lon="130.43857097625732">
        <ele>4.67</ele>
      </trkpt>
      <trkpt lat="33.26555541716516" lon="130.43832966126502">
        <ele>4.57</ele>
      </trkpt>
      <trkpt lat="33.26575381681323" lon="130.4380883462727">
        <ele>4.5</ele>
      </trkpt>
      <trkpt lat="33.2659522164613" lon="130.43784711509943">
        <ele>4.47</ele>
      </trkpt>
      <trkpt lat="33.26615061610937" lon="130.43760580010712">
        <ele>4.47</ele>
      </trkpt>
      <trkpt lat="33.26634901575744" lon="130.4373644851148">
        <ele>4.44</ele>
      </trkpt>
      <trkpt lat="33.26654741540551" lon="130.43712325394154">
        <ele>4.37</ele>
      </trkpt>
      <trkpt lat="33.26674581505358" lon="130.43688193894923">
        <ele>4.38</ele>
      </trkpt>
      <trkpt lat="33.26694496907294" lon="130.4366397857666">
        <ele>4.35</ele>
      </trkpt>
      <trkpt lat="33.26714873313904" lon="130.43636083602905">
        <ele>4.43</ele>
      </trkpt>
      <trkpt lat="33.26735258102417" lon="130.4360818862915">
        <ele>4.48</ele>
      </trkpt>
      <trkpt lat="33.267449140548706" lon="130.43588859960437">
        <ele>4.46</ele>
      </trkpt>
      <trkpt lat="33.26754570007324" lon="130.43569564819336">
        <ele>4.46</ele>
      </trkpt>
      <trkpt lat="33.26763161458075" lon="130.43544854968786">
        <ele>4.44</ele>
      </trkpt>
      <trkpt lat="33.267717361450195" lon="130.43520212173462">
        <ele>4.45</ele>
      </trkpt>
      <trkpt lat="33.267797911539674" lon="130.4348582122475">
        <ele>4.53</ele>
      </trkpt>
      <trkpt lat="33.267878545448184" lon="130.4345143865794">
        <ele>4.54</ele>
      </trkpt>
      <trkpt lat="33.267959179356694" lon="130.4341705609113">
        <ele>4.59</ele>
      </trkpt>
      <trkpt lat="33.268039310351014" lon="130.433828830719">
        <ele>4.49</ele>
      </trkpt>
      <trkpt lat="33.26808222569525" lon="130.43346337974072">
        <ele>4.57</ele>
      </trkpt>
      <trkpt lat="33.26812505722046" lon="130.43309926986694">
        <ele>4.88</ele>
      </trkpt>
      <trkpt lat="33.26815732754767" lon="130.4328090045601">
        <ele>4.99</ele>
      </trkpt>
      <trkpt lat="33.26818951405585" lon="130.43251991271973">
        <ele>4.88</ele>
      </trkpt>
      <trkpt lat="33.26818951405585" lon="130.43225470930338">
        <ele>4.69</ele>
      </trkpt>
      <trkpt lat="33.26818951405585" lon="130.43198958970606">
        <ele>4.66</ele>
      </trkpt>
      <trkpt lat="33.26818951405585" lon="130.43172597885132">
        <ele>4.64</ele>
      </trkpt>
      <trkpt lat="33.26816805638373" lon="130.43142557144165">
        <ele>4.55</ele>
      </trkpt>
      <trkpt lat="33.26811784878373" lon="130.4310815781355">
        <ele>4.32</ele>
      </trkpt>
      <trkpt lat="33.268067725002766" lon="130.43073766864836">
        <ele>3.98</ele>
      </trkpt>
      <trkpt lat="33.268017852678895" lon="130.43039560317993">
        <ele>3.8</ele>
      </trkpt>
      <trkpt lat="33.267953312024474" lon="130.43012696318328">
        <ele>3.75</ele>
      </trkpt>
      <trkpt lat="33.26788910664618" lon="130.42985916137695">
        <ele>3.73</ele>
      </trkpt>
      <trkpt lat="33.267803275957704" lon="130.42953729629517">
        <ele>3.59</ele>
      </trkpt>
      <trkpt lat="33.267749547958374" lon="130.42934384196997">
        <ele>3.5</ele>
      </trkpt>
      <trkpt lat="33.26769598759711" lon="130.42915105819702">
        <ele>3.45</ele>
      </trkpt>
      <trkpt lat="33.26759926043451" lon="130.42883950285614">
        <ele>3.36</ele>
      </trkpt>
      <trkpt lat="33.267502868548036" lon="130.42852878570557">
        <ele>3.26</ele>
      </trkpt>
      <trkpt lat="33.26735786162317" lon="130.42821739800274">
        <ele>3.24</ele>
      </trkpt>
      <trkpt lat="33.2672128546983" lon="130.42790601029992">
        <ele>3.24</ele>
      </trkpt>
      <trkpt lat="33.267067931592464" lon="130.4275946225971">
        <ele>3.25</ele>
      </trkpt>
      <trkpt lat="33.26692342758179" lon="130.42728424072266">
        <ele>3.32</ele>
      </trkpt>
      <trkpt lat="33.266751766204834" lon="130.42703387327492">
        <ele>3.26</ele>
      </trkpt>
      <trkpt lat="33.26658010482788" lon="130.4267835058272">
        <ele>3.21</ele>
      </trkpt>
      <trkpt lat="33.26640844345093" lon="130.4265332221985">
        <ele>3.19</ele>
      </trkpt>
      <trkpt lat="33.266236865893006" lon="130.42628285475075">
        <ele>3.11</ele>
      </trkpt>
      <trkpt lat="33.26606520451605" lon="130.42603257112205">
        <ele>2.89</ele>
      </trkpt>
      <trkpt lat="33.2658935431391" lon="130.42578220367432">
        <ele>2.87</ele>
      </trkpt>
      <trkpt lat="33.265786254778504" lon="130.42564272880554">
        <ele>3.03</ele>
      </trkpt>
      <trkpt lat="33.26567896641791" lon="130.42550325393677">
        <ele>3.15</ele>
      </trkpt>
      <trkpt lat="33.26549666002393" lon="130.42531021870673">
        <ele>3.16</ele>
      </trkpt>
      <trkpt lat="33.26531410217285" lon="130.42511701583862">
        <ele>3.13</ele>
      </trkpt>
      <trkpt lat="33.265132047235966" lon="130.42499916628003">
        <ele>3.26</ele>
      </trkpt>
      <trkpt lat="33.26494940556586" lon="130.4248809814453">
        <ele>3.63</ele>
      </trkpt>
      <trkpt lat="33.26473508030176" lon="130.42472021654248">
        <ele>4.06</ele>
      </trkpt>
      <trkpt lat="33.264520252123475" lon="130.42455911636353">
        <ele>4.34</ele>
      </trkpt>
      <trkpt lat="33.26447733677924" lon="130.4245376586914">
        <ele>4.53</ele>
      </trkpt>
      <trkpt lat="33.264254461973906" lon="130.4243618901819">
        <ele>4.69</ele>
      </trkpt>
      <trkpt lat="33.264031587168574" lon="130.42418620549142">
        <ele>4.84</ele>
      </trkpt>
      <trkpt lat="33.26380871236324" lon="130.42401052080095">
        <ele>5.01</ele>
      </trkpt>
      <trkpt lat="33.26358583755791" lon="130.42383483611047">
        <ele>5.11</ele>
      </trkpt>
      <trkpt lat="33.26336145401001" lon="130.42365789413452">
        <ele>5.25</ele>
      </trkpt>
      <trkpt lat="33.26336153782904" lon="130.42365789413452">
        <ele>5.39</ele>
      </trkpt>
      <trkpt lat="33.263136483728886" lon="130.42347030714154">
        <ele>5.54</ele>
      </trkpt>
      <trkpt lat="33.26291151344776" lon="130.4232828039676">
        <ele>5.66</ele>
      </trkpt>
      <trkpt lat="33.262686459347606" lon="130.42309530079365">
        <ele>5.69</ele>
      </trkpt>
      <trkpt lat="33.26246031560004" lon="130.42290687561035">
        <ele>5.79</ele>
      </trkpt>
      <trkpt lat="33.26228882186115" lon="130.42276756837964">
        <ele>5.92</ele>
      </trkpt>
      <trkpt lat="33.2621169090271" lon="130.4226279258728">
        <ele>6.03</ele>
      </trkpt>
      <trkpt lat="33.26186520047486" lon="130.42246188037097">
        <ele>6.06</ele>
      </trkpt>
      <trkpt lat="33.26161349192262" lon="130.42229583486915">
        <ele>6.04</ele>
      </trkpt>
      <trkpt lat="33.261361783370376" lon="130.42212987318635">
        <ele>6.12</ele>
      </trkpt>
      <trkpt lat="33.2611083984375" lon="130.4219627380371">
        <ele>6.25</ele>
      </trkpt>
      <trkpt lat="33.26110848225653" lon="130.4219627380371">
        <ele>6.34</ele>
      </trkpt>
      <trkpt lat="33.260844284668565" lon="130.42181991040707">
        <ele>6.51</ele>
      </trkpt>
      <trkpt lat="33.26058017089963" lon="130.42167716659606">
        <ele>6.66</ele>
      </trkpt>
      <trkpt lat="33.26031446456909" lon="130.42153358459473">
        <ele>6.77</ele>
      </trkpt>
      <trkpt lat="33.26031454838812" lon="130.42153358459473">
        <ele>6.81</ele>
      </trkpt>
      <trkpt lat="33.26020726002753" lon="130.42146921157837">
        <ele>6.86</ele>
      </trkpt>
      <trkpt lat="33.259982373565435" lon="130.42136209085584">
        <ele>6.91</ele>
      </trkpt>
      <trkpt lat="33.259756565093994" lon="130.42125463485718">
        <ele>6.97</ele>
      </trkpt>
      <trkpt lat="33.259756648913026" lon="130.42125463485718">
        <ele>6.93</ele>
      </trkpt>
      <trkpt lat="33.2595353666693" lon="130.42114038951695">
        <ele>6.83</ele>
      </trkpt>
      <trkpt lat="33.25931408442557" lon="130.42102622799575">
        <ele>6.6</ele>
      </trkpt>
      <trkpt lat="33.25909146107733" lon="130.42091131210327">
        <ele>6.37</ele>
      </trkpt>
      <trkpt lat="33.259027088060975" lon="130.42086839675903">
        <ele>6.26</ele>
      </trkpt>
      <trkpt lat="33.25879868119955" lon="130.4207612760365">
        <ele>6.14</ele>
      </trkpt>
      <trkpt lat="33.258570274338126" lon="130.420654239133">
        <ele>5.99</ele>
      </trkpt>
      <trkpt lat="33.25834044255316" lon="130.42054653167725">
        <ele>5.87</ele>
      </trkpt>
      <trkpt lat="33.258254611864686" lon="130.420503616333">
        <ele>5.79</ele>
      </trkpt>
      <trkpt lat="33.25812586583197" lon="130.42043924331665">
        <ele>5.76</ele>
      </trkpt>
      <trkpt lat="33.25788312591612" lon="130.42031787335873">
        <ele>5.76</ele>
      </trkpt>
      <trkpt lat="33.25764046981931" lon="130.4201965034008">
        <ele>5.69</ele>
      </trkpt>
      <trkpt lat="33.25739630497992" lon="130.42007446289062">
        <ele>5.54</ele>
      </trkpt>
      <trkpt lat="33.25713931582868" lon="130.41994236409664">
        <ele>5.43</ele>
      </trkpt>
      <trkpt lat="33.25688241049647" lon="130.4198103491217">
        <ele>5.28</ele>
      </trkpt>
      <trkpt lat="33.256625421345234" lon="130.4196782503277">
        <ele>5.1</ele>
      </trkpt>
      <trkpt lat="33.256368516013026" lon="130.41954623535275">
        <ele>5.08</ele>
      </trkpt>
      <trkpt lat="33.25611152686179" lon="130.4194142203778">
        <ele>5.04</ele>
      </trkpt>
      <trkpt lat="33.25585135258734" lon="130.41928052902222">
        <ele>5.04</ele>
      </trkpt>
      <trkpt lat="33.255572905763984" lon="130.4191391263157">
        <ele>5.05</ele>
      </trkpt>
      <trkpt lat="33.25529454275966" lon="130.41899780742824">
        <ele>5.03</ele>
      </trkpt>
      <trkpt lat="33.25501617975533" lon="130.41885648854077">
        <ele>4.99</ele>
      </trkpt>
      <trkpt lat="33.254737816751" lon="130.4187151696533">
        <ele>5.01</ele>
      </trkpt>
      <trkpt lat="33.254456520080566" lon="130.41857242584229">
        <ele>5.1</ele>
      </trkpt>
      <trkpt lat="33.2544566038996" lon="130.41857242584229">
        <ele>5.17</ele>
      </trkpt>
      <trkpt lat="33.25418896973133" lon="130.4184760339558">
        <ele>5.29</ele>
      </trkpt>
      <trkpt lat="33.25392016209662" lon="130.4183793067932">
        <ele>5.4</ele>
      </trkpt>
      <trkpt lat="33.25369535945356" lon="130.4182936437428">
        <ele>5.53</ele>
      </trkpt>
      <trkpt lat="33.25346955098212" lon="130.41820764541626">
        <ele>5.68</ele>
      </trkpt>
      <trkpt lat="33.253254890441895" lon="130.41807889938354">
        <ele>5.78</ele>
      </trkpt>
      <trkpt lat="33.25301910750568" lon="130.4178753029555">
        <ele>5.89</ele>
      </trkpt>
      <trkpt lat="33.252782905474305" lon="130.41767120361328">
        <ele>6.15</ele>
      </trkpt>
      <trkpt lat="33.25256849639118" lon="130.41744958609343">
        <ele>6.44</ele>
      </trkpt>
      <trkpt lat="33.25235408730805" lon="130.4172280523926">
        <ele>6.65</ele>
      </trkpt>
      <trkpt lat="33.25213917531073" lon="130.4170060157776">
        <ele>6.83</ele>
      </trkpt>
      <trkpt lat="33.25197824276984" lon="130.4168237093836">
        <ele>6.85</ele>
      </trkpt>
      <trkpt lat="33.25181722640991" lon="130.41664123535156">
        <ele>6.87</ele>
      </trkpt>
      <trkpt lat="33.251817310228944" lon="130.41664123535156">
        <ele>7.0</ele>
      </trkpt>
      <trkpt lat="33.25161882676184" lon="130.41640528477728">
        <ele>7.09</ele>
      </trkpt>
      <trkpt lat="33.25142042711377" lon="130.416169334203">
        <ele>7.29</ele>
      </trkpt>
      <trkpt lat="33.2512220274657" lon="130.41593346744776">
        <ele>7.42</ele>
      </trkpt>
      <trkpt lat="33.251023292541504" lon="130.41569709777832">
        <ele>7.5</ele>
      </trkpt>
      <trkpt lat="33.25084081850946" lon="130.41540733538568">
        <ele>7.55</ele>
      </trkpt>
      <trkpt lat="33.25065851211548" lon="130.4151177406311">
        <ele>7.6</ele>
      </trkpt>
      <trkpt lat="33.25048693455756" lon="130.41494607925415">
        <ele>7.73</ele>
      </trkpt>
      <trkpt lat="33.2503311149776" lon="130.41466930881143">
        <ele>7.99</ele>
      </trkpt>
      <trkpt lat="33.25033119879663" lon="130.41466930881143">
        <ele>8.03</ele>
      </trkpt>
      <trkpt lat="33.25018987990916" lon="130.41441810317338">
        <ele>8.21</ele>
      </trkpt>
      <trkpt lat="33.25004864484072" lon="130.41416698135436">
        <ele>8.12</ele>
      </trkpt>
      <trkpt lat="33.24990757741034" lon="130.41391611099243">
        <ele>7.93</ele>
      </trkpt>
      <trkpt lat="33.249746561050415" lon="130.41365853510797">
        <ele>7.93</ele>
      </trkpt>
      <trkpt lat="33.24958562850952" lon="130.41340112686157">
        <ele>7.85</ele>
      </trkpt>
      <trkpt lat="33.24958571232855" lon="130.41340112686157">
        <ele>7.72</ele>
      </trkpt>
      <trkpt lat="33.24943542480469" lon="130.41313273832202">
        <ele>7.49</ele>
      </trkpt>
      <trkpt lat="33.249285304918885" lon="130.4128646850586">
        <ele>7.24</ele>
      </trkpt>
      <trkpt lat="33.249160666018724" lon="130.4125811252743">
        <ele>7.02</ele>
      </trkpt>
      <trkpt lat="33.249036110937595" lon="130.41229764930904">
        <ele>6.79</ele>
      </trkpt>
      <trkpt lat="33.248911555856466" lon="130.41201417334378">
        <ele>6.52</ele>
      </trkpt>
      <trkpt lat="33.24878700077534" lon="130.41173069737852">
        <ele>6.27</ele>
      </trkpt>
      <trkpt lat="33.24866303242743" lon="130.41144847869873">
        <ele>5.97</ele>
      </trkpt>
      <trkpt lat="33.24855557642877" lon="130.41112619452178">
        <ele>5.52</ele>
      </trkpt>
      <trkpt lat="33.24844812043011" lon="130.41080391034484">
        <ele>5.06</ele>
      </trkpt>
      <trkpt lat="33.24834066443145" lon="130.41048170998693">
        <ele>4.65</ele>
      </trkpt>
      <trkpt lat="33.248233795166016" lon="130.41016101837158">
        <ele>4.35</ele>
      </trkpt>
      <trkpt lat="33.248147796839476" lon="130.4098063800484">
        <ele>4.09</ele>
      </trkpt>
      <trkpt lat="33.24806213378906" lon="130.40945291519165">
        <ele>3.8</ele>
      </trkpt>
      <trkpt lat="33.248001197353005" lon="130.409083859995">
        <ele>3.51</ele>
      </trkpt>
      <trkpt lat="33.24794034473598" lon="130.4087148886174">
        <ele>3.2</ele>
      </trkpt>
      <trkpt lat="33.24787940829992" lon="130.40834591723979">
        <ele>2.85</ele>
      </trkpt>
      <trkpt lat="33.2478185556829" lon="130.40797694586217">
        <ele>2.48</ele>
      </trkpt>
      <trkpt lat="33.24775770306587" lon="130.40760797448456">
        <ele>2.3</ele>
      </trkpt>
      <trkpt lat="33.24769743718207" lon="130.40724277496338">
        <ele>1.91</ele>
      </trkpt>
      <trkpt lat="33.2476544380188" lon="130.4069346562028">
        <ele>1.95</ele>
      </trkpt>
      <trkpt lat="33.24761143885553" lon="130.4066265374422">
        <ele>1.78</ele>
      </trkpt>
      <trkpt lat="33.247568691149354" lon="130.40632009506226">
        <ele>1.67</ele>
      </trkpt>
      <trkpt lat="33.247547233477235" lon="130.40621280670166">
        <ele>1.55</ele>
      </trkpt>
      <trkpt lat="33.24743994511664" lon="130.40623426437378">
        <ele>1.4</ele>
      </trkpt>
      <trkpt lat="33.24741848744452" lon="130.40623426437378">
        <ele>1.29</ele>
      </trkpt>
      <trkpt lat="33.247167030349374" lon="130.40627701207995">
        <ele>1.17</ele>
      </trkpt>
      <trkpt lat="33.24691557325423" lon="130.40631984360516">
        <ele>0.94</ele>
      </trkpt>
      <trkpt lat="33.24666411615908" lon="130.40636259131134">
        <ele>0.84</ele>
      </trkpt>
      <trkpt lat="33.24640989303589" lon="130.40640592575073">
        <ele>0.81</ele>
      </trkpt>
      <trkpt lat="33.24617436155677" lon="130.40650223381817">
        <ele>0.75</ele>
      </trkpt>
      <trkpt lat="33.24593782424927" lon="130.4065990447998">
        <ele>0.77</ele>
      </trkpt>
      <trkpt lat="33.2459379080683" lon="130.4065990447998">
        <ele>0.79</ele>
      </trkpt>
      <trkpt lat="33.24572375044227" lon="130.406713206321">
        <ele>0.91</ele>
      </trkpt>
      <trkpt lat="33.245509592816234" lon="130.40682745166123">
        <ele>1.0</ele>
      </trkpt>
      <trkpt lat="33.245294177904725" lon="130.4069423675537">
        <ele>1.1</ele>
      </trkpt>
      <trkpt lat="33.24506912380457" lon="130.4071352351457">
        <ele>1.16</ele>
      </trkpt>
      <trkpt lat="33.24484406970441" lon="130.40732810273767">
        <ele>1.24</ele>
      </trkpt>
      <trkpt lat="33.24461909942329" lon="130.40752097032964">
        <ele>1.39</ele>
      </trkpt>
      <trkpt lat="33.24439295567572" lon="130.40771484375">
        <ele>1.51</ele>
      </trkpt>
      <trkpt lat="33.24419983662665" lon="130.4079722519964">
        <ele>1.74</ele>
      </trkpt>
      <trkpt lat="33.24400671757758" lon="130.40822982788086">
        <ele>1.83</ele>
      </trkpt>
      <trkpt lat="33.243838576599956" lon="130.4085016530007">
        <ele>1.78</ele>
      </trkpt>
      <trkpt lat="33.243670435622334" lon="130.40877347812057">
        <ele>1.71</ele>
      </trkpt>
      <trkpt lat="33.24350229464471" lon="130.40904530324042">
        <ele>1.81</ele>
      </trkpt>
      <trkpt lat="33.243334237486124" lon="130.4093172121793">
        <ele>1.93</ele>
      </trkpt>
      <trkpt lat="33.2431660965085" lon="130.40958903729916">
        <ele>2.02</ele>
      </trkpt>
      <trkpt lat="33.24299820698798" lon="130.4098606109619">
        <ele>2.08</ele>
      </trkpt>
      <trkpt lat="33.242815900593996" lon="130.41006429120898">
        <ele>2.32</ele>
      </trkpt>
      <trkpt lat="33.24263342656195" lon="130.41026830673218">
        <ele>2.47</ele>
      </trkpt>
      <trkpt lat="33.242429830133915" lon="130.41043971665204">
        <ele>2.69</ele>
      </trkpt>
      <trkpt lat="33.24222573079169" lon="130.41061162948608">
        <ele>2.89</ele>
      </trkpt>
      <trkpt lat="33.241968574002385" lon="130.4107900802046">
        <ele>2.99</ele>
      </trkpt>
      <trkpt lat="33.241711501032114" lon="130.41096861474216">
        <ele>3.0</ele>
      </trkpt>
      <trkpt lat="33.24145317077637" lon="130.41114807128906">
        <ele>3.02</ele>
      </trkpt>
      <trkpt lat="33.241239096969366" lon="130.41123365052044">
        <ele>2.95</ele>
      </trkpt>
      <trkpt lat="33.241024017333984" lon="130.41131973266602">
        <ele>2.8</ele>
      </trkpt>
      <trkpt lat="33.240799214690924" lon="130.4113839380443">
        <ele>2.67</ele>
      </trkpt>
      <trkpt lat="33.24057340621948" lon="130.41144847869873">
        <ele>2.7</ele>
      </trkpt>
      <trkpt lat="33.24027383700013" lon="130.4114769771695">
        <ele>2.78</ele>
      </trkpt>
      <trkpt lat="33.23997426778078" lon="130.4115054756403">
        <ele>2.78</ele>
      </trkpt>
      <trkpt lat="33.23967226780951" lon="130.4115343093872">
        <ele>2.76</ele>
      </trkpt>
      <trkpt lat="33.23944754898548" lon="130.4115128517151">
        <ele>2.71</ele>
      </trkpt>
      <trkpt lat="33.23922165669501" lon="130.41149139404297">
        <ele>2.69</ele>
      </trkpt>
      <trkpt lat="33.23892921209335" lon="130.41147236712277">
        <ele>2.52</ele>
      </trkpt>
      <trkpt lat="33.2386367674917" lon="130.41145334020257">
        <ele>2.17</ele>
      </trkpt>
      <trkpt lat="33.23834432289004" lon="130.41143431328237">
        <ele>2.06</ele>
      </trkpt>
      <trkpt lat="33.23805187828839" lon="130.41141528636217">
        <ele>2.25</ele>
      </trkpt>
      <trkpt lat="33.23775943368673" lon="130.41139625944197">
        <ele>2.55</ele>
      </trkpt>
      <trkpt lat="33.23746698908508" lon="130.41137723252177">
        <ele>2.56</ele>
      </trkpt>
      <trkpt lat="33.237174628302455" lon="130.41135820560157">
        <ele>2.32</ele>
      </trkpt>
      <trkpt lat="33.2368821837008" lon="130.41133917868137">
        <ele>2.04</ele>
      </trkpt>
      <trkpt lat="33.23658227920532" lon="130.41131973266602">
        <ele>1.74</ele>
      </trkpt>
      <trkpt lat="33.236582363024354" lon="130.41131973266602">
        <ele>1.55</ele>
      </trkpt>
      <trkpt lat="33.236560905352235" lon="130.41131973266602">
        <ele>1.33</ele>
      </trkpt>
      <trkpt lat="33.23636778630316" lon="130.4112982749939">
        <ele>1.06</ele>
      </trkpt>
      <trkpt lat="33.23607291094959" lon="130.4112744703889">
        <ele>0.72</ele>
      </trkpt>
      <trkpt lat="33.235778119415045" lon="130.41125066578388">
        <ele>0.44</ele>
      </trkpt>
      <trkpt lat="33.2354833278805" lon="130.4112269449979">
        <ele>0.34</ele>
      </trkpt>
      <trkpt lat="33.23518853634596" lon="130.4112031403929">
        <ele>0.33</ele>
      </trkpt>
      <trkpt lat="33.234893744811416" lon="130.4111793357879">
        <ele>0.26</ele>
      </trkpt>
      <trkpt lat="33.23459895327687" lon="130.41115561500192">
        <ele>-0.11</ele>
      </trkpt>
      <trkpt lat="33.23430416174233" lon="130.4111318103969">
        <ele>-0.62</ele>
      </trkpt>
      <trkpt lat="33.23400937020779" lon="130.4111080057919">
        <ele>-0.8</ele>
      </trkpt>
      <trkpt lat="33.23370703496039" lon="130.4110836982727">
        <ele>-0.74</ele>
      </trkpt>
      <trkpt lat="33.233394557610154" lon="130.41105369105935">
        <ele>-0.7</ele>
      </trkpt>
      <trkpt lat="33.23308216407895" lon="130.41102376766503">
        <ele>-0.56</ele>
      </trkpt>
      <trkpt lat="33.23276977054775" lon="130.41099376045167">
        <ele>-0.5</ele>
      </trkpt>
      <trkpt lat="33.232457377016544" lon="130.41096383705735">
        <ele>-0.45</ele>
      </trkpt>
      <trkpt lat="33.23214054107666" lon="130.41093349456787">
        <ele>-0.28</ele>
      </trkpt>
      <trkpt lat="33.231897968798876" lon="130.41088353842497">
        <ele>0.01</ele>
      </trkpt>
      <trkpt lat="33.23165548034012" lon="130.41083358228207">
        <ele>0.22</ele>
      </trkpt>
      <trkpt lat="33.23141098022461" lon="130.41078329086304">
        <ele>0.41</ele>
      </trkpt>
      <trkpt lat="33.231121972203255" lon="130.41068689897656">
        <ele>0.71</ele>
      </trkpt>
      <trkpt lat="33.23083162307739" lon="130.41059017181396">
        <ele>1.11</ele>
      </trkpt>
      <trkpt lat="33.230831706896424" lon="130.41059017181396">
        <ele>1.38</ele>
      </trkpt>
      <trkpt lat="33.230810249224305" lon="130.41059017181396">
        <ele>1.66</ele>
      </trkpt>
      <trkpt lat="33.230552757158875" lon="130.41048288345337">
        <ele>1.94</ele>
      </trkpt>
      <trkpt lat="33.230531299486756" lon="130.41048288345337">
        <ele>2.19</ele>
      </trkpt>
      <trkpt lat="33.23027087375522" lon="130.41039009578526">
        <ele>2.46</ele>
      </trkpt>
      <trkpt lat="33.23001044802368" lon="130.41029730811715">
        <ele>2.75</ele>
      </trkpt>
      <trkpt lat="33.22975002229214" lon="130.41020460426807">
        <ele>2.98</ele>
      </trkpt>
      <trkpt lat="33.2294895965606" lon="130.41011181659997">
        <ele>3.12</ele>
      </trkpt>
      <trkpt lat="33.22922917082906" lon="130.41001902893186">
        <ele>3.2</ele>
      </trkpt>
      <trkpt lat="33.22896488942206" lon="130.40992498397827">
        <ele>3.23</ele>
      </trkpt>
      <trkpt lat="33.22870798408985" lon="130.40983077138662">
        <ele>3.22</ele>
      </trkpt>
      <trkpt lat="33.228451162576675" lon="130.40973655879498">
        <ele>3.29</ele>
      </trkpt>
      <trkpt lat="33.22819425724447" lon="130.40964243002236">
        <ele>3.36</ele>
      </trkpt>
      <trkpt lat="33.22793743573129" lon="130.4095482174307">
        <ele>3.39</ele>
      </trkpt>
      <trkpt lat="33.22767742909491" lon="130.40945291519165">
        <ele>3.34</ele>
      </trkpt>
      <trkpt lat="33.227506102994084" lon="130.40938862599432">
        <ele>3.26</ele>
      </trkpt>
      <trkpt lat="33.227334106341004" lon="130.40932416915894">
        <ele>3.17</ele>
      </trkpt>
      <trkpt lat="33.22714098729193" lon="130.40925979614258">
        <ele>3.04</ele>
      </trkpt>
      <trkpt lat="33.22687125764787" lon="130.40916558355093">
        <ele>2.74</ele>
      </trkpt>
      <trkpt lat="33.22660152800381" lon="130.40907137095928">
        <ele>2.52</ele>
      </trkpt>
      <trkpt lat="33.22633179835975" lon="130.40897724218667">
        <ele>2.44</ele>
      </trkpt>
      <trkpt lat="33.22606206871569" lon="130.40888302959502">
        <ele>2.23</ele>
      </trkpt>
      <trkpt lat="33.225789070129395" lon="130.40878772735596">
        <ele>2.03</ele>
      </trkpt>
      <trkpt lat="33.225789153948426" lon="130.40878772735596">
        <ele>1.83</ele>
      </trkpt>
      <trkpt lat="33.225489500910044" lon="130.40868781507015">
        <ele>1.58</ele>
      </trkpt>
      <trkpt lat="33.22518984787166" lon="130.40858790278435">
        <ele>1.3</ele>
      </trkpt>
      <trkpt lat="33.22488793171942" lon="130.4084873199463">
        <ele>0.96</ele>
      </trkpt>
      <trkpt lat="33.224845016375184" lon="130.40846586227417">
        <ele>0.76</ele>
      </trkpt>
      <trkpt lat="33.22473772801459" lon="130.40844440460205">
        <ele>0.56</ele>
      </trkpt>
      <trkpt lat="33.22449507191777" lon="130.40835161693394">
        <ele>0.37</ele>
      </trkpt>
      <trkpt lat="33.22425249963999" lon="130.40825882926583">
        <ele>0.34</ele>
      </trkpt>
      <trkpt lat="33.22400816716254" lon="130.4081654548645">
        <ele>0.43</ele>
      </trkpt>
      <trkpt lat="33.223857963457704" lon="130.40812253952026">
        <ele>0.51</ele>
      </trkpt>
      <trkpt lat="33.22362243197858" lon="130.40803687646985">
        <ele>0.58</ele>
      </trkpt>
      <trkpt lat="33.22338589467108" lon="130.4079508781433">
        <ele>0.56</ele>
      </trkpt>
      <trkpt lat="33.22314986027777" lon="130.40786504745483">
        <ele>0.53</ele>
      </trkpt>
      <trkpt lat="33.22287158109248" lon="130.40775801055133">
        <ele>0.63</ele>
      </trkpt>
      <trkpt lat="33.222591960802674" lon="130.40765047073364">
        <ele>0.74</ele>
      </trkpt>
      <trkpt lat="33.22231368161738" lon="130.40755198337138">
        <ele>0.7</ele>
      </trkpt>
      <trkpt lat="33.222035402432084" lon="130.4074534960091">
        <ele>0.62</ele>
      </trkpt>
      <trkpt lat="33.22175712324679" lon="130.40735500864685">
        <ele>0.62</ele>
      </trkpt>
      <trkpt lat="33.221478844061494" lon="130.4072566051036">
        <ele>0.62</ele>
      </trkpt>
      <trkpt lat="33.2211971282959" lon="130.4071569442749">
        <ele>0.66</ele>
      </trkpt>
      <trkpt lat="33.22119721211493" lon="130.4071569442749">
        <ele>0.65</ele>
      </trkpt>
      <trkpt lat="33.22102555073798" lon="130.40709257125854">
        <ele>0.71</ele>
      </trkpt>
      <trkpt lat="33.22074190713465" lon="130.40700690820813">
        <ele>0.7</ele>
      </trkpt>
      <trkpt lat="33.22045826353133" lon="130.40692132897675">
        <ele>0.59</ele>
      </trkpt>
      <trkpt lat="33.220174703747034" lon="130.40683566592634">
        <ele>0.5</ele>
      </trkpt>
      <trkpt lat="33.21988821029663" lon="130.40674924850464">
        <ele>0.38</ele>
      </trkpt>
      <trkpt lat="33.21988829411566" lon="130.40674924850464">
        <ele>0.28</ele>
      </trkpt>
      <trkpt lat="33.2196100987494" lon="130.40670641697943">
        <ele>0.21</ele>
      </trkpt>
      <trkpt lat="33.219331903383136" lon="130.40666358545423">
        <ele>0.15</ele>
      </trkpt>
      <trkpt lat="33.21905370801687" lon="130.40662083774805">
        <ele>-0.03</ele>
      </trkpt>
      <trkpt lat="33.21877559646964" lon="130.40657800622284">
        <ele>-0.18</ele>
      </trkpt>
      <trkpt lat="33.21849354542792" lon="130.40653467178345">
        <ele>-0.35</ele>
      </trkpt>
      <trkpt lat="33.21819397620857" lon="130.40653467178345">
        <ele>-0.47</ele>
      </trkpt>
      <trkpt lat="33.21789440698922" lon="130.40653467178345">
        <ele>-0.72</ele>
      </trkpt>
      <trkpt lat="33.217594837769866" lon="130.40653467178345">
        <ele>-0.86</ele>
      </trkpt>
      <trkpt lat="33.217295268550515" lon="130.40653467178345">
        <ele>-1.11</ele>
      </trkpt>
      <trkpt lat="33.21699150837958" lon="130.40653467178345">
        <ele>-1.16</ele>
      </trkpt>
      <trkpt lat="33.216819847002625" lon="130.40653467178345">
        <ele>-1.11</ele>
      </trkpt>
      <trkpt lat="33.21673401631415" lon="130.40655612945557">
        <ele>-1.01</ele>
      </trkpt>
      <trkpt lat="33.216562774032354" lon="130.40655612945557">
        <ele>-0.82</ele>
      </trkpt>
      <trkpt lat="33.21639069356024" lon="130.40655612945557">
        <ele>-0.67</ele>
      </trkpt>
      <trkpt lat="33.2160768751055" lon="130.40656325407326">
        <ele>-0.58</ele>
      </trkpt>
      <trkpt lat="33.21576305665076" lon="130.40657037869096">
        <ele>-0.52</ele>
      </trkpt>
      <trkpt lat="33.215446555987" lon="130.40657758712769">
        <ele>-0.35</ele>
      </trkpt>
      <trkpt lat="33.21546801365912" lon="130.40691613219678">
        <ele>-0.03</ele>
      </trkpt>
      <trkpt lat="33.21548947133124" lon="130.40725467726588">
        <ele>0.13</ele>
      </trkpt>
      <trkpt lat="33.21551101282239" lon="130.40759322233498">
        <ele>0.35</ele>
      </trkpt>
      <trkpt lat="33.21553238667548" lon="130.4079294204712">
        <ele>0.54</ele>
      </trkpt>
      <trkpt lat="33.215532302856445" lon="130.4079294204712">
        <ele>0.71</ele>
      </trkpt>
      <trkpt lat="33.215553760528564" lon="130.40827332995832">
        <ele>0.93</ele>
      </trkpt>
      <trkpt lat="33.215575302019715" lon="130.40861723944545">
        <ele>0.93</ele>
      </trkpt>
      <trkpt lat="33.215596759691834" lon="130.4089593887329">
        <ele>0.98</ele>
      </trkpt>
      <trkpt lat="33.21562433615327" lon="130.40932475589216">
        <ele>1.17</ele>
      </trkpt>
      <trkpt lat="33.215651996433735" lon="130.40969020687044">
        <ele>1.35</ele>
      </trkpt>
      <trkpt lat="33.2156796567142" lon="130.41005565784872">
        <ele>1.49</ele>
      </trkpt>
      <trkpt lat="33.21570731699467" lon="130.410421108827">
        <ele>1.79</ele>
      </trkpt>
      <trkpt lat="33.2157348934561" lon="130.41078655980527">
        <ele>2.14</ele>
      </trkpt>
      <trkpt lat="33.21576255373657" lon="130.41115201078355">
        <ele>2.4</ele>
      </trkpt>
      <trkpt lat="33.21578987874091" lon="130.4115128517151">
        <ele>2.57</ele>
      </trkpt>
      <trkpt lat="33.21578987874091" lon="130.41170597076416">
        <ele>2.74</ele>
      </trkpt>
      <trkpt lat="33.215811336413026" lon="130.41204929351807">
        <ele>2.91</ele>
      </trkpt>
      <trkpt lat="33.215832794085145" lon="130.4123932030052">
        <ele>3.04</ele>
      </trkpt>
      <trkpt lat="33.215854251757264" lon="130.41273593902588">
        <ele>3.06</ele>
      </trkpt>
      <trkpt lat="33.215864980593324" lon="130.41299385018647">
        <ele>3.1</ele>
      </trkpt>
      <trkpt lat="33.21587570942938" lon="130.41325092315674">
        <ele>3.14</ele>
      </trkpt>
      <trkpt lat="33.21589180268347" lon="130.41355719789863">
        <ele>3.24</ele>
      </trkpt>
      <trkpt lat="33.21590789593756" lon="130.41386355645955">
        <ele>3.46</ele>
      </trkpt>
      <trkpt lat="33.21592407301068" lon="130.41416983120143">
        <ele>3.63</ele>
      </trkpt>
      <trkpt lat="33.21594008244574" lon="130.41447401046753">
        <ele>3.66</ele>
      </trkpt>
      <trkpt lat="33.21594008244574" lon="130.41464567184448">
        <ele>3.64</ele>
      </trkpt>
      <trkpt lat="33.21594008244574" lon="130.4146671295166">
        <ele>3.63</ele>
      </trkpt>
      <trkpt lat="33.21596581488848" lon="130.41501531377435">
        <ele>3.56</ele>
      </trkpt>
      <trkpt lat="33.215991631150246" lon="130.41536358185112">
        <ele>3.6</ele>
      </trkpt>
      <trkpt lat="33.216017447412014" lon="130.4157118499279">
        <ele>3.61</ele>
      </trkpt>
      <trkpt lat="33.21604326367378" lon="130.41606003418565">
        <ele>3.59</ele>
      </trkpt>
      <trkpt lat="33.216068828478456" lon="130.41640520095825">
        <ele>3.55</ele>
      </trkpt>
      <trkpt lat="33.216084921732545" lon="130.41672765277326">
        <ele>3.5</ele>
      </trkpt>
      <trkpt lat="33.216101014986634" lon="130.41705010458827">
        <ele>3.49</ele>
      </trkpt>
      <trkpt lat="33.216117192059755" lon="130.41737255640328">
        <ele>3.42</ele>
      </trkpt>
      <trkpt lat="33.21613320149481" lon="130.4176926612854">
        <ele>3.37</ele>
      </trkpt>
      <trkpt lat="33.216147450730205" lon="130.41798644699156">
        <ele>3.3</ele>
      </trkpt>
      <trkpt lat="33.21616178378463" lon="130.41828023269773">
        <ele>3.22</ele>
      </trkpt>
      <trkpt lat="33.21617611683905" lon="130.41857242584229">
        <ele>3.11</ele>
      </trkpt>
      <trkpt lat="33.21617603302002" lon="130.41857242584229">
        <ele>3.11</ele>
      </trkpt>
      <trkpt lat="33.216185588389635" lon="130.41891876608133">
        <ele>3.18</ele>
      </trkpt>
      <trkpt lat="33.21619514375925" lon="130.41926510632038">
        <ele>3.21</ele>
      </trkpt>
      <trkpt lat="33.216204699128866" lon="130.41961144655943">
        <ele>3.21</ele>
      </trkpt>
      <trkpt lat="33.21621425449848" lon="130.41995778679848">
        <ele>3.36</ele>
      </trkpt>
      <trkpt lat="33.2162238098681" lon="130.42030412703753">
        <ele>3.51</ele>
      </trkpt>
      <trkpt lat="33.21623336523771" lon="130.42065046727657">
        <ele>3.52</ele>
      </trkpt>
      <trkpt lat="33.21624300442636" lon="130.42099680751562">
        <ele>3.59</ele>
      </trkpt>
      <trkpt lat="33.216252559795976" lon="130.42134314775467">
        <ele>3.71</ele>
      </trkpt>
      <trkpt lat="33.21626194752753" lon="130.42168378829956">
        <ele>3.65</ele>
      </trkpt>
      <trkpt lat="33.21624048985541" lon="130.4217267036438">
        <ele>3.63</ele>
      </trkpt>
      <trkpt lat="33.21624048985541" lon="130.42181253433228">
        <ele>3.58</ele>
      </trkpt>
      <trkpt lat="33.21625331416726" lon="130.4221564438194">
        <ele>3.51</ele>
      </trkpt>
      <trkpt lat="33.216266222298145" lon="130.42250043712556">
        <ele>3.38</ele>
      </trkpt>
      <trkpt lat="33.21627913042903" lon="130.4228443466127">
        <ele>3.11</ele>
      </trkpt>
      <trkpt lat="33.21629195474088" lon="130.42318833991885">
        <ele>2.95</ele>
      </trkpt>
      <trkpt lat="33.216304779052734" lon="130.4235291481018">
        <ele>3.04</ele>
      </trkpt>
      <trkpt lat="33.21632623672485" lon="130.423883786425">
        <ele>3.1</ele>
      </trkpt>
      <trkpt lat="33.216347778216004" lon="130.4242385085672">
        <ele>3.19</ele>
      </trkpt>
      <trkpt lat="33.21636923588812" lon="130.42459323070943">
        <ele>3.16</ele>
      </trkpt>
      <trkpt lat="33.216390777379274" lon="130.42494786903262">
        <ele>3.06</ele>
      </trkpt>
      <trkpt lat="33.216412318870425" lon="130.42530259117484">
        <ele>2.98</ele>
      </trkpt>
      <trkpt lat="33.21643360890448" lon="130.4256534576416">
        <ele>2.96</ele>
      </trkpt>
      <trkpt lat="33.216462191194296" lon="130.42602603323758">
        <ele>2.9</ele>
      </trkpt>
      <trkpt lat="33.21649085730314" lon="130.42639860883355">
        <ele>2.82</ele>
      </trkpt>
      <trkpt lat="33.21651943959296" lon="130.4267692565918">
        <ele>2.73</ele>
      </trkpt>
      <trkpt lat="33.21654399856925" lon="130.4271070472896">
        <ele>2.65</ele>
      </trkpt>
      <trkpt lat="33.21656855754554" lon="130.42744483798742">
        <ele>2.48</ele>
      </trkpt>
      <trkpt lat="33.216593116521835" lon="130.42778262868524">
        <ele>2.29</ele>
      </trkpt>
      <trkpt lat="33.21661767549813" lon="130.42812041938305">
        <ele>2.22</ele>
      </trkpt>
      <trkpt lat="33.21664223447442" lon="130.42845821008086">
        <ele>2.35</ele>
      </trkpt>
      <trkpt lat="33.21666679345071" lon="130.42879600077868">
        <ele>2.45</ele>
      </trkpt>
      <trkpt lat="33.21669110096991" lon="130.4291296005249">
        <ele>2.43</ele>
      </trkpt>
      <trkpt lat="33.21671255864203" lon="130.4293441772461">
        <ele>2.35</ele>
      </trkpt>
      <trkpt lat="33.216738291084766" lon="130.42964508756995">
        <ele>2.28</ele>
      </trkpt>
      <trkpt lat="33.216764107346535" lon="130.4299459978938">
        <ele>2.16</ele>
      </trkpt>
      <trkpt lat="33.2167899236083" lon="130.4302469920367">
        <ele>2.12</ele>
      </trkpt>
      <trkpt lat="33.21681573987007" lon="130.43054790236056">
        <ele>2.13</ele>
      </trkpt>
      <trkpt lat="33.216841304674745" lon="130.43084621429443">
        <ele>2.2</ele>
      </trkpt>
      <trkpt lat="33.21687810122967" lon="130.43121619150043">
        <ele>2.17</ele>
      </trkpt>
      <trkpt lat="33.21691498160362" lon="130.43158625252545">
        <ele>2.08</ele>
      </trkpt>
      <trkpt lat="33.21695186197758" lon="130.43195622973144">
        <ele>2.02</ele>
      </trkpt>
      <trkpt lat="33.2169886585325" lon="130.43232629075646">
        <ele>1.94</ele>
      </trkpt>
      <trkpt lat="33.217025538906455" lon="130.4326963517815">
        <ele>1.8</ele>
      </trkpt>
      <trkpt lat="33.21706241928041" lon="130.43306632898748">
        <ele>1.79</ele>
      </trkpt>
      <trkpt lat="33.217099299654365" lon="130.4334363900125">
        <ele>1.73</ele>
      </trkpt>
      <trkpt lat="33.21713609620929" lon="130.43380645103753">
        <ele>1.76</ele>
      </trkpt>
      <trkpt lat="33.21717297658324" lon="130.43417642824352">
        <ele>1.86</ele>
      </trkpt>
      <trkpt lat="33.2172098569572" lon="130.43454648926854">
        <ele>1.72</ele>
      </trkpt>
      <trkpt lat="33.21724665351212" lon="130.43491655029356">
        <ele>1.55</ele>
      </trkpt>
      <trkpt lat="33.217283533886075" lon="130.4352866113186">
        <ele>1.47</ele>
      </trkpt>
      <trkpt lat="33.21732041426003" lon="130.43565658852458">
        <ele>1.54</ele>
      </trkpt>
      <trkpt lat="33.217356288805604" lon="130.43601751327515">
        <ele>1.54</ele>
      </trkpt>
      <trkpt lat="33.21735620498657" lon="130.43601751327515">
        <ele>1.56</ele>
      </trkpt>
      <trkpt lat="33.217382272705436" lon="130.43635974638164">
        <ele>1.54</ele>
      </trkpt>
      <trkpt lat="33.2174083404243" lon="130.43670206330717">
        <ele>1.63</ele>
      </trkpt>
      <trkpt lat="33.21743440814316" lon="130.43704429641366">
        <ele>1.7</ele>
      </trkpt>
      <trkpt lat="33.21746030822396" lon="130.43738418258727">
        <ele>1.8</ele>
      </trkpt>
      <trkpt lat="33.217482855543494" lon="130.43768014758825">
        <ele>1.82</ele>
      </trkpt>
      <trkpt lat="33.217505402863026" lon="130.43797611258924">
        <ele>1.93</ele>
      </trkpt>
      <trkpt lat="33.21752795018256" lon="130.43827056884766">
        <ele>2.1</ele>
      </trkpt>
      <trkpt lat="33.217527866363525" lon="130.43827056884766">
        <ele>2.2</ele>
      </trkpt>
      <trkpt lat="33.217549324035645" lon="130.4386010672897">
        <ele>2.39</ele>
      </trkpt>
      <trkpt lat="33.217570865526795" lon="130.43893156573176">
        <ele>2.49</ele>
      </trkpt>
      <trkpt lat="33.217592323198915" lon="130.43926206417382">
        <ele>2.55</ele>
      </trkpt>
      <trkpt lat="33.217613864690065" lon="130.43959256261587">
        <ele>2.6</ele>
      </trkpt>
      <trkpt lat="33.217635322362185" lon="130.43992306105793">
        <ele>2.58</ele>
      </trkpt>
      <trkpt lat="33.217656863853335" lon="130.44025355949998">
        <ele>2.62</ele>
      </trkpt>
      <trkpt lat="33.217678321525455" lon="130.44058405794203">
        <ele>2.71</ele>
      </trkpt>
      <trkpt lat="33.21769952774048" lon="130.4409098625183">
        <ele>2.91</ele>
      </trkpt>
      <trkpt lat="33.21773590520024" lon="130.44126366265118">
        <ele>3.17</ele>
      </trkpt>
      <trkpt lat="33.21777228266001" lon="130.44161754660308">
        <ele>3.33</ele>
      </trkpt>
      <trkpt lat="33.21780866011977" lon="130.44197134673595">
        <ele>3.37</ele>
      </trkpt>
      <trkpt lat="33.217845037579536" lon="130.44232523068786">
        <ele>3.26</ele>
      </trkpt>
      <trkpt lat="33.2178814150393" lon="130.44267911463976">
        <ele>3.23</ele>
      </trkpt>
      <trkpt lat="33.217917792499065" lon="130.44303291477263">
        <ele>3.35</ele>
      </trkpt>
      <trkpt lat="33.21795425377786" lon="130.44338679872453">
        <ele>3.49</ele>
      </trkpt>
      <trkpt lat="33.217990631237626" lon="130.4437405988574">
        <ele>3.54</ele>
      </trkpt>
      <trkpt lat="33.21802700869739" lon="130.4440944828093">
        <ele>3.62</ele>
      </trkpt>
      <trkpt lat="33.218063386157155" lon="130.4444483667612">
        <ele>3.73</ele>
      </trkpt>
      <trkpt lat="33.21809976361692" lon="130.44480216689408">
        <ele>3.66</ele>
      </trkpt>
      <trkpt lat="33.218136141076684" lon="130.44515605084598">
        <ele>3.59</ele>
      </trkpt>
      <trkpt lat="33.21817168034613" lon="130.4455018043518">
        <ele>3.68</ele>
      </trkpt>
      <trkpt lat="33.21823596954346" lon="130.44586658477783">
        <ele>3.83</ele>
      </trkpt>
      <trkpt lat="33.218321884050965" lon="130.44616732746363">
        <ele>3.77</ele>
      </trkpt>
      <trkpt lat="33.218407882377505" lon="130.44646815396845">
        <ele>3.66</ele>
      </trkpt>
      <trkpt lat="33.21849354542792" lon="130.44676780700684">
        <ele>3.43</ele>
      </trkpt>
      <trkpt lat="33.21849346160889" lon="130.44676780700684">
        <ele>3.35</ele>
      </trkpt>
      <trkpt lat="33.218588596209884" lon="130.44709931127727">
        <ele>3.22</ele>
      </trkpt>
      <trkpt lat="33.21868373081088" lon="130.4474308155477">
        <ele>3.17</ele>
      </trkpt>
      <trkpt lat="33.21877894923091" lon="130.44776231981814">
        <ele>3.11</ele>
      </trkpt>
      <trkpt lat="33.218874083831906" lon="130.44809382408857">
        <ele>2.99</ele>
      </trkpt>
      <trkpt lat="33.218969302251935" lon="130.448425328359">
        <ele>2.88</ele>
      </trkpt>
      <trkpt lat="33.21906443685293" lon="130.44875683262944">
        <ele>2.82</ele>
      </trkpt>
      <trkpt lat="33.21915873326361" lon="130.4490852355957">
        <ele>2.78</ele>
      </trkpt>
      <trkpt lat="33.21926610544324" lon="130.44936980120838">
        <ele>2.76</ele>
      </trkpt>
      <trkpt lat="33.21937347762287" lon="130.44965445064008">
        <ele>2.74</ele>
      </trkpt>
      <trkpt lat="33.219480849802494" lon="130.44993901625276">
        <ele>2.78</ele>
      </trkpt>
      <trkpt lat="33.21958780288696" lon="130.45022249221802">
        <ele>2.69</ele>
      </trkpt>
      <trkpt lat="33.21973096579313" lon="130.45052306726575">
        <ele>2.68</ele>
      </trkpt>
      <trkpt lat="33.2198741286993" lon="130.45082364231348">
        <ele>2.53</ele>
      </trkpt>
      <trkpt lat="33.22001704014838" lon="130.45112371444702">
        <ele>2.65</ele>
      </trkpt>
      <trkpt lat="33.22017587721348" lon="130.4514371138066">
        <ele>2.86</ele>
      </trkpt>
      <trkpt lat="33.22033479809761" lon="130.45175059698522">
        <ele>2.9</ele>
      </trkpt>
      <trkpt lat="33.22049363516271" lon="130.45206408016384">
        <ele>2.86</ele>
      </trkpt>
      <trkpt lat="33.22065255604684" lon="130.45237756334245">
        <ele>3.04</ele>
      </trkpt>
      <trkpt lat="33.220810974016786" lon="130.45269012451172">
        <ele>3.25</ele>
      </trkpt>
      <trkpt lat="33.22089680470526" lon="130.4528941400349">
        <ele>3.33</ele>
      </trkpt>
      <trkpt lat="33.22098263539374" lon="130.45309782028198">
        <ele>3.4</ele>
      </trkpt>
      <trkpt lat="33.221047008410096" lon="130.4532265663147">
        <ele>3.46</ele>
      </trkpt>
      <trkpt lat="33.221154380589724" lon="130.45352722518146">
        <ele>3.53</ele>
      </trkpt>
      <trkpt lat="33.22126175276935" lon="130.45382796786726">
        <ele>3.59</ele>
      </trkpt>
      <trkpt lat="33.22136920876801" lon="130.45412871055305">
        <ele>3.66</ele>
      </trkpt>
      <trkpt lat="33.22147658094764" lon="130.45442945323884">
        <ele>3.72</ele>
      </trkpt>
      <trkpt lat="33.2215840369463" lon="130.45473019592464">
        <ele>3.76</ele>
      </trkpt>
      <trkpt lat="33.22169073857367" lon="130.4550290107727">
        <ele>3.79</ele>
      </trkpt>
      <trkpt lat="33.221798026934266" lon="130.4553508758545">
        <ele>3.8</ele>
      </trkpt>
      <trkpt lat="33.221883941441774" lon="130.45567316003144">
        <ele>3.79</ele>
      </trkpt>
      <trkpt lat="33.22196985594928" lon="130.45599544420838">
        <ele>3.78</ele>
      </trkpt>
      <trkpt lat="33.22205577045679" lon="130.45631781220436">
        <ele>3.76</ele>
      </trkpt>
      <trkpt lat="33.22214126586914" lon="130.45663833618164">
        <ele>3.58</ele>
      </trkpt>
      <trkpt lat="33.2222003582865" lon="130.45696606859565">
        <ele>3.45</ele>
      </trkpt>
      <trkpt lat="33.22225945070386" lon="130.45729380100965">
        <ele>3.36</ele>
      </trkpt>
      <trkpt lat="33.22231862694025" lon="130.4576216172427">
        <ele>3.31</ele>
      </trkpt>
      <trkpt lat="33.22237738408148" lon="130.4579472541809">
        <ele>3.21</ele>
      </trkpt>
      <trkpt lat="33.22237738408148" lon="130.4580545425415">
        <ele>3.18</ele>
      </trkpt>
      <trkpt lat="33.22237730026245" lon="130.4580545425415">
        <ele>3.17</ele>
      </trkpt>
      <trkpt lat="33.22243102826178" lon="130.45838763937354">
        <ele>3.18</ele>
      </trkpt>
      <trkpt lat="33.22248467244208" lon="130.4587197303772">
        <ele>3.19</ele>
      </trkpt>
      <trkpt lat="33.2225061301142" lon="130.45896691270173">
        <ele>3.22</ele>
      </trkpt>
      <trkpt lat="33.22252758778632" lon="130.45921325683594">
        <ele>3.32</ele>
      </trkpt>
      <trkpt lat="33.222549045458436" lon="130.45948550105095">
        <ele>3.45</ele>
      </trkpt>
      <trkpt lat="33.222570503130555" lon="130.459757829085">
        <ele>3.64</ele>
      </trkpt>
      <trkpt lat="33.22259187698364" lon="130.46002864837646">
        <ele>3.84</ele>
      </trkpt>
      <trkpt lat="33.22257041931152" lon="130.46032905578613">
        <ele>3.98</ele>
      </trkpt>
      <trkpt lat="33.22257041931152" lon="130.46062996611">
        <ele>4.08</ele>
      </trkpt>
      <trkpt lat="33.222570503130555" lon="130.46092987060547">
        <ele>3.99</ele>
      </trkpt>
      <trkpt lat="33.222570503130555" lon="130.46099424362183">
        <ele>4.02</ele>
      </trkpt>
      <trkpt lat="33.222559690475464" lon="130.46126288361847">
        <ele>3.99</ele>
      </trkpt>
      <trkpt lat="33.222549045458436" lon="130.4615306854248">
        <ele>3.94</ele>
      </trkpt>
      <trkpt lat="33.222549045458436" lon="130.46157360076904">
        <ele>3.98</ele>
      </trkpt>
      <trkpt lat="33.222516775131226" lon="130.4619067814201">
        <ele>4.04</ele>
      </trkpt>
      <trkpt lat="33.222484504804015" lon="130.46223996207118">
        <ele>4.24</ele>
      </trkpt>
      <trkpt lat="33.222452234476805" lon="130.46257314272225">
        <ele>4.33</ele>
      </trkpt>
      <trkpt lat="33.22242021560669" lon="130.46290397644043">
        <ele>4.33</ele>
      </trkpt>
      <trkpt lat="33.22239875793457" lon="130.46317261643708">
        <ele>4.29</ele>
      </trkpt>
      <trkpt lat="33.22237738408148" lon="130.4634404182434">
        <ele>4.31</ele>
      </trkpt>
      <trkpt lat="33.22244175709784" lon="130.4634404182434">
        <ele>4.32</ele>
      </trkpt>
      <trkpt lat="33.22244175709784" lon="130.46346187591553">
        <ele>4.35</ele>
      </trkpt>
      <trkpt lat="33.222390711307526" lon="130.4638003371656">
        <ele>4.37</ele>
      </trkpt>
      <trkpt lat="33.22233966551721" lon="130.4641388822347">
        <ele>4.34</ele>
      </trkpt>
      <trkpt lat="33.222288619726896" lon="130.4644774273038">
        <ele>4.47</ele>
      </trkpt>
      <trkpt lat="33.22223757393658" lon="130.4648159723729">
        <ele>4.59</ele>
      </trkpt>
      <trkpt lat="33.22218652814627" lon="130.465154517442">
        <ele>4.65</ele>
      </trkpt>
      <trkpt lat="33.22213548235595" lon="130.4654930625111">
        <ele>4.59</ele>
      </trkpt>
      <trkpt lat="33.22208443656564" lon="130.46583160758018">
        <ele>4.58</ele>
      </trkpt>
      <trkpt lat="33.22203406132758" lon="130.46616554260254">
        <ele>4.66</ele>
      </trkpt>
      <trkpt lat="33.222033977508545" lon="130.46616554260254">
        <ele>4.62</ele>
      </trkpt>
      <trkpt lat="33.22203406132758" lon="130.4662299156189">
        <ele>4.58</ele>
      </trkpt>
      <trkpt lat="33.22201260365546" lon="130.46625137329102">
        <ele>4.51</ele>
      </trkpt>
      <trkpt lat="33.222012519836426" lon="130.46625137329102">
        <ele>4.42</ele>
      </trkpt>
      <trkpt lat="33.22194588370621" lon="130.46660165302455">
        <ele>4.34</ele>
      </trkpt>
      <trkpt lat="33.221879247576" lon="130.46695201657712">
        <ele>4.28</ele>
      </trkpt>
      <trkpt lat="33.221812611445785" lon="130.46730229631066">
        <ele>4.01</ele>
      </trkpt>
      <trkpt lat="33.2217460591346" lon="130.46765265986323">
        <ele>3.7</ele>
      </trkpt>
      <trkpt lat="33.22167942300439" lon="130.46800293959677">
        <ele>3.48</ele>
      </trkpt>
      <trkpt lat="33.221612786874175" lon="130.46835330314934">
        <ele>3.23</ele>
      </trkpt>
      <trkpt lat="33.22154615074396" lon="130.46870358288288">
        <ele>3.12</ele>
      </trkpt>
      <trkpt lat="33.22147959843278" lon="130.46905394643545">
        <ele>2.93</ele>
      </trkpt>
      <trkpt lat="33.221412962302566" lon="130.46940430998802">
        <ele>2.83</ele>
      </trkpt>
      <trkpt lat="33.221347415819764" lon="130.46974897384644">
        <ele>2.7</ele>
      </trkpt>
      <trkpt lat="33.22134733200073" lon="130.46974897384644">
        <ele>2.57</ele>
      </trkpt>
      <trkpt lat="33.221390331164" lon="130.46985626220703">
        <ele>2.41</ele>
      </trkpt>
      <trkpt lat="33.22136887349188" lon="130.4699420928955">
        <ele>2.29</ele>
      </trkpt>
      <trkpt lat="33.22136887349188" lon="130.46998500823975">
        <ele>2.2</ele>
      </trkpt>
      <trkpt lat="33.221282958984375" lon="130.47007083892822">
        <ele>2.15</ele>
      </trkpt>
      <trkpt lat="33.22124012745917" lon="130.47007083892822">
        <ele>2.12</ele>
      </trkpt>
      <trkpt lat="33.22116946801543" lon="130.47041466459632">
        <ele>2.09</ele>
      </trkpt>
      <trkpt lat="33.22109889239073" lon="130.47075849026442">
        <ele>2.16</ele>
      </trkpt>
      <trkpt lat="33.22102823294699" lon="130.47110239975154">
        <ele>2.27</ele>
      </trkpt>
      <trkpt lat="33.22095765732229" lon="130.47144622541964">
        <ele>2.43</ele>
      </trkpt>
      <trkpt lat="33.22088699787855" lon="130.47179013490677">
        <ele>2.52</ele>
      </trkpt>
      <trkpt lat="33.22081642225385" lon="130.47213396057487">
        <ele>2.53</ele>
      </trkpt>
      <trkpt lat="33.22074660100043" lon="130.47247409820557">
        <ele>2.66</ele>
      </trkpt>
      <trkpt lat="33.2206772826612" lon="130.47282747924328">
        <ele>2.75</ele>
      </trkpt>
      <trkpt lat="33.220608048141" lon="130.47318094410002">
        <ele>2.82</ele>
      </trkpt>
      <trkpt lat="33.220538813620806" lon="130.47353432513773">
        <ele>2.9</ele>
      </trkpt>
      <trkpt lat="33.22046957910061" lon="130.47388778999448">
        <ele>2.95</ele>
      </trkpt>
      <trkpt lat="33.22040034458041" lon="130.4742411710322">
        <ele>3.0</ele>
      </trkpt>
      <trkpt lat="33.220331110060215" lon="130.47459463588893">
        <ele>3.08</ele>
      </trkpt>
      <trkpt lat="33.220261791720986" lon="130.47494801692665">
        <ele>3.18</ele>
      </trkpt>
      <trkpt lat="33.22019255720079" lon="130.4753014817834">
        <ele>3.16</ele>
      </trkpt>
      <trkpt lat="33.22012432850897" lon="130.4756498336792">
        <ele>3.17</ele>
      </trkpt>
      <trkpt lat="33.22012424468994" lon="130.4756498336792">
        <ele>3.21</ele>
      </trkpt>
      <trkpt lat="33.220057021826506" lon="130.47598561272025">
        <ele>3.31</ele>
      </trkpt>
      <trkpt lat="33.2199898827821" lon="130.4763213917613">
        <ele>3.33</ele>
      </trkpt>
      <trkpt lat="33.2199227437377" lon="130.4766572546214">
        <ele>3.39</ele>
      </trkpt>
      <trkpt lat="33.219855604693294" lon="130.47699303366244">
        <ele>3.46</ele>
      </trkpt>
      <trkpt lat="33.21978846564889" lon="130.4773288127035">
        <ele>3.46</ele>
      </trkpt>
      <trkpt lat="33.219721326604486" lon="130.47766467556357">
        <ele>3.5</ele>
      </trkpt>
      <trkpt lat="33.21965418756008" lon="130.47800045460463">
        <ele>3.38</ele>
      </trkpt>
      <trkpt lat="33.219587886705995" lon="130.4783320426941">
        <ele>3.36</ele>
      </trkpt>
      <trkpt lat="33.219544971361756" lon="130.47850370407104">
        <ele>3.53</ele>
      </trkpt>
      <trkpt lat="33.21952351368964" lon="130.478675365448">
        <ele>3.69</ele>
      </trkpt>
      <trkpt lat="33.219523429870605" lon="130.478675365448">
        <ele>3.8</ele>
      </trkpt>
      <trkpt lat="33.21947179734707" lon="130.47899345867336">
        <ele>3.98</ele>
      </trkpt>
      <trkpt lat="33.219420248642564" lon="130.47931155189872">
        <ele>3.97</ele>
      </trkpt>
      <trkpt lat="33.21936861611903" lon="130.47962964512408">
        <ele>4.1</ele>
      </trkpt>
      <trkpt lat="33.21931706741452" lon="130.47994773834944">
        <ele>4.43</ele>
      </trkpt>
      <trkpt lat="33.219265937805176" lon="130.48026323318481">
        <ele>4.74</ele>
      </trkpt>
      <trkpt lat="33.21927306242287" lon="130.4805211443454">
        <ele>5.0</ele>
      </trkpt>
      <trkpt lat="33.21928018704057" lon="130.48077913932502">
        <ele>5.36</ele>
      </trkpt>
      <trkpt lat="33.219287395477295" lon="130.4810357093811">
        <ele>5.7</ele>
      </trkpt>
      <trkpt lat="33.219319665804505" lon="130.48123989254236">
        <ele>6.02</ele>
      </trkpt>
      <trkpt lat="33.219351852312684" lon="130.48144340515137">
        <ele>6.33</ele>
      </trkpt>
      <trkpt lat="33.21944489143789" lon="130.481772813946">
        <ele>6.69</ele>
      </trkpt>
      <trkpt lat="33.219538014382124" lon="130.48210230655968">
        <ele>7.13</ele>
      </trkpt>
      <trkpt lat="33.21963080205023" lon="130.48243045806885">
        <ele>7.49</ele>
      </trkpt>
      <trkpt lat="33.21973096579313" lon="130.48268820159137">
        <ele>7.9</ele>
      </trkpt>
      <trkpt lat="33.219831213355064" lon="130.4829459451139">
        <ele>8.3</ele>
      </trkpt>
      <trkpt lat="33.2199312094599" lon="130.48320293426514">
        <ele>8.62</ele>
      </trkpt>
      <trkpt lat="33.21997412480414" lon="130.48331022262573">
        <ele>8.9</ele>
      </trkpt>
      <trkpt lat="33.22007076814771" lon="130.48356796614826">
        <ele>9.18</ele>
      </trkpt>
      <trkpt lat="33.220167411491275" lon="130.48382570967078">
        <ele>9.46</ele>
      </trkpt>
      <trkpt lat="33.22026405483484" lon="130.4840834531933">
        <ele>9.76</ele>
      </trkpt>
      <trkpt lat="33.220360362902284" lon="130.48434019088745">
        <ele>9.96</ele>
      </trkpt>
      <trkpt lat="33.22036027908325" lon="130.48434019088745">
        <ele>10.11</ele>
      </trkpt>
      <trkpt lat="33.220473770052195" lon="130.48463783226907">
        <ele>10.24</ele>
      </trkpt>
      <trkpt lat="33.22058734484017" lon="130.4849354736507">
        <ele>10.41</ele>
      </trkpt>
      <trkpt lat="33.22070091962814" lon="130.48523311503232">
        <ele>10.55</ele>
      </trkpt>
      <trkpt lat="33.220814410597086" lon="130.48553075641394">
        <ele>10.56</ele>
      </trkpt>
      <trkpt lat="33.22092798538506" lon="130.48582839779556">
        <ele>10.4</ele>
      </trkpt>
      <trkpt lat="33.221041560173035" lon="130.48612603917718">
        <ele>10.21</ele>
      </trkpt>
      <trkpt lat="33.22115429677069" lon="130.486421585083">
        <ele>10.08</ele>
      </trkpt>
      <trkpt lat="33.22121866978705" lon="130.48659341409802">
        <ele>10.05</ele>
      </trkpt>
      <trkpt lat="33.22128304280341" lon="130.4867649078369">
        <ele>10.0</ele>
      </trkpt>
      <trkpt lat="33.221282958984375" lon="130.4867649078369">
        <ele>9.98</ele>
      </trkpt>
      <trkpt lat="33.221304500475526" lon="130.48682928085327">
        <ele>9.98</ele>
      </trkpt>
      <trkpt lat="33.221374321728945" lon="130.48710856586695">
        <ele>10.08</ele>
      </trkpt>
      <trkpt lat="33.221444142982364" lon="130.48738793469965">
        <ele>10.21</ele>
      </trkpt>
      <trkpt lat="33.22151396423578" lon="130.48766730353236">
        <ele>10.34</ele>
      </trkpt>
      <trkpt lat="33.221583450213075" lon="130.48794507980347">
        <ele>10.42</ele>
      </trkpt>
      <trkpt lat="33.22162636555731" lon="130.48824548721313">
        <ele>10.52</ele>
      </trkpt>
      <trkpt lat="33.22163709439337" lon="130.48852493986487">
        <ele>10.64</ele>
      </trkpt>
      <trkpt lat="33.22164782322943" lon="130.48880338668823">
        <ele>10.68</ele>
      </trkpt>
      <trkpt lat="33.2216477394104" lon="130.4889965057373">
        <ele>10.72</ele>
      </trkpt>
      <trkpt lat="33.22162636555731" lon="130.48925399780273">
        <ele>10.78</ele>
      </trkpt>
      <trkpt lat="33.22162628173828" lon="130.48925399780273">
        <ele>10.94</ele>
      </trkpt>
      <trkpt lat="33.22157791815698" lon="130.48953336663544">
        <ele>11.12</ele>
      </trkpt>
      <trkpt lat="33.22152955457568" lon="130.48981281928718">
        <ele>11.34</ele>
      </trkpt>
      <trkpt lat="33.22148119099438" lon="130.4900921881199">
        <ele>11.66</ele>
      </trkpt>
      <trkpt lat="33.22143324650824" lon="130.49036979675293">
        <ele>11.99</ele>
      </trkpt>
      <trkpt lat="33.22143324650824" lon="130.4904556274414">
        <ele>12.28</ele>
      </trkpt>
      <trkpt lat="33.22141178883612" lon="130.49052000045776">
        <ele>12.59</ele>
      </trkpt>
      <trkpt lat="33.22132579050958" lon="130.49079928547144">
        <ele>12.9</ele>
      </trkpt>
      <trkpt lat="33.22123979218304" lon="130.49107857048512">
        <ele>13.29</ele>
      </trkpt>
      <trkpt lat="33.22115421295166" lon="130.4913568496704">
        <ele>13.65</ele>
      </trkpt>
      <trkpt lat="33.22100124321878" lon="130.4916654713452">
        <ele>14.04</ele>
      </trkpt>
      <trkpt lat="33.2208482734859" lon="130.49197409301996">
        <ele>14.44</ele>
      </trkpt>
      <trkpt lat="33.22069530375302" lon="130.49228279851377">
        <ele>14.77</ele>
      </trkpt>
      <trkpt lat="33.22054233402014" lon="130.49259142018855">
        <ele>14.98</ele>
      </trkpt>
      <trkpt lat="33.22038936428726" lon="130.49290004186332">
        <ele>15.23</ele>
      </trkpt>
      <trkpt lat="33.22023639455438" lon="130.49320874735713">
        <ele>15.4</ele>
      </trkpt>
      <trkpt lat="33.220083424821496" lon="130.4935173690319">
        <ele>15.59</ele>
      </trkpt>
      <trkpt lat="33.2199312094599" lon="130.4938244819641">
        <ele>15.85</ele>
      </trkpt>
      <trkpt lat="33.21993112564087" lon="130.4938244819641">
        <ele>16.03</ele>
      </trkpt>
      <trkpt lat="33.219823921099305" lon="130.49416780471802">
        <ele>16.24</ele>
      </trkpt>
      <trkpt lat="33.21982383728027" lon="130.49416780471802">
        <ele>16.39</ele>
      </trkpt>
      <trkpt lat="33.219770109280944" lon="130.4943503625691">
        <ele>16.5</ele>
      </trkpt>
      <trkpt lat="33.21971663273871" lon="130.49453258514404">
        <ele>16.64</ele>
      </trkpt>
      <trkpt lat="33.21971654891968" lon="130.49453258514404">
        <ele>16.73</ele>
      </trkpt>
      <trkpt lat="33.219609344378114" lon="130.4948329925537">
        <ele>16.84</ele>
      </trkpt>
      <trkpt lat="33.2195305544883" lon="130.49506927840412">
        <ele>16.93</ele>
      </trkpt>
      <trkpt lat="33.21945176459849" lon="130.49530556425452">
        <ele>17.0</ele>
      </trkpt>
      <trkpt lat="33.2193733099848" lon="130.49554109573364">
        <ele>17.02</ele>
      </trkpt>
      <trkpt lat="33.219330394640565" lon="130.49569129943848">
        <ele>17.02</ele>
      </trkpt>
      <trkpt lat="33.21924456395209" lon="130.4959273338318">
        <ele>17.02</ele>
      </trkpt>
      <trkpt lat="33.21924448013306" lon="130.4959273338318">
        <ele>17.07</ele>
      </trkpt>
      <trkpt lat="33.21918002329767" lon="130.49614216201007">
        <ele>17.14</ele>
      </trkpt>
      <trkpt lat="33.21911581791937" lon="130.49635648727417">
        <ele>17.15</ele>
      </trkpt>
      <trkpt lat="33.21898707188666" lon="130.49667835235596">
        <ele>17.2</ele>
      </trkpt>
      <trkpt lat="33.21890107356012" lon="130.49692536704242">
        <ele>17.34</ele>
      </trkpt>
      <trkpt lat="33.218815326690674" lon="130.4971718788147">
        <ele>17.5</ele>
      </trkpt>
      <trkpt lat="33.218836868181825" lon="130.4973864555359">
        <ele>17.62</ele>
      </trkpt>
      <trkpt lat="33.218815410509706" lon="130.497407913208">
        <ele>17.7</ele>
      </trkpt>
      <trkpt lat="33.218793952837586" lon="130.49742937088013">
        <ele>17.79</ele>
      </trkpt>
      <trkpt lat="33.21868649683893" lon="130.49773866310716">
        <ele>17.84</ele>
      </trkpt>
      <trkpt lat="33.2185791246593" lon="130.49804803915322">
        <ele>17.86</ele>
      </trkpt>
      <trkpt lat="33.21847166866064" lon="130.49835741519928">
        <ele>17.96</ele>
      </trkpt>
      <trkpt lat="33.21836429648101" lon="130.4986667074263">
        <ele>18.12</ele>
      </trkpt>
      <trkpt lat="33.21825751103461" lon="130.4989743232727">
        <ele>18.23</ele>
      </trkpt>
      <trkpt lat="33.218158604577184" lon="130.49927934072912">
        <ele>18.3</ele>
      </trkpt>
      <trkpt lat="33.21805978193879" lon="130.49958444200456">
        <ele>18.42</ele>
      </trkpt>
      <trkpt lat="33.2179609593004" lon="130.49988954328">
        <ele>18.52</ele>
      </trkpt>
      <trkpt lat="33.217862136662006" lon="130.50019456073642">
        <ele>18.56</ele>
      </trkpt>
      <trkpt lat="33.21776398457587" lon="130.50049781799316">
        <ele>18.68</ele>
      </trkpt>
      <trkpt lat="33.21774252690375" lon="130.50049781799316">
        <ele>18.79</ele>
      </trkpt>
      <trkpt lat="33.21774244308472" lon="130.50056219100952">
        <ele>18.9</ele>
      </trkpt>
      <trkpt lat="33.21774252690375" lon="130.50056219100952">
        <ele>19.02</ele>
      </trkpt>
      <trkpt lat="33.21774252690375" lon="130.50058364868164">
        <ele>19.14</ele>
      </trkpt>
      <trkpt lat="33.21766725741327" lon="130.500809205696">
        <ele>19.29</ele>
      </trkpt>
      <trkpt lat="33.217592323198915" lon="130.50103425979614">
        <ele>19.45</ele>
      </trkpt>
      <trkpt lat="33.217613697052" lon="130.50114154815674">
        <ele>19.59</ele>
      </trkpt>
      <trkpt lat="33.217592323198915" lon="130.50122737884521">
        <ele>19.71</ele>
      </trkpt>
      <trkpt lat="33.217570865526795" lon="130.5013132095337">
        <ele>19.84</ele>
      </trkpt>
      <trkpt lat="33.21750649251044" lon="130.5013346672058">
        <ele>19.97</ele>
      </trkpt>
      <trkpt lat="33.21744195185602" lon="130.50168922170997">
        <ele>20.12</ele>
      </trkpt>
      <trkpt lat="33.21737774647772" lon="130.50204277038574">
        <ele>20.22</ele>
      </trkpt>
      <trkpt lat="33.21732393465936" lon="130.50241174176335">
        <ele>20.25</ele>
      </trkpt>
      <trkpt lat="33.21727020666003" lon="130.50278071314096">
        <ele>20.3</ele>
      </trkpt>
      <trkpt lat="33.2172164786607" lon="130.50314968451858">
        <ele>20.34</ele>
      </trkpt>
      <trkpt lat="33.21716275066137" lon="130.5035186558962">
        <ele>20.46</ele>
      </trkpt>
      <trkpt lat="33.217109022662044" lon="130.5038876272738">
        <ele>20.59</ele>
      </trkpt>
      <trkpt lat="33.217055881395936" lon="130.504252910614">
        <ele>20.66</ele>
      </trkpt>
      <trkpt lat="33.21702495217323" lon="130.50445047207177">
        <ele>20.69</ele>
      </trkpt>
      <trkpt lat="33.21702495217323" lon="130.50445038825274">
        <ele>20.71</ele>
      </trkpt>
      <trkpt lat="33.21698664687574" lon="130.5046953074634">
        <ele>20.74</ele>
      </trkpt>
      <trkpt lat="33.21694859303534" lon="130.50493955612183">
        <ele>20.73</ele>
      </trkpt>
      <trkpt lat="33.21696996688843" lon="130.50500392913818">
        <ele>20.72</ele>
      </trkpt>
      <trkpt lat="33.21694850921631" lon="130.50500392913818">
        <ele>20.71</ele>
      </trkpt>
      <trkpt lat="33.21694859303534" lon="130.50504684448242">
        <ele>20.68</ele>
      </trkpt>
      <trkpt lat="33.21712008677423" lon="130.50523979589343">
        <ele>20.62</ele>
      </trkpt>
      <trkpt lat="33.21729191578925" lon="130.50543308258057">
        <ele>20.55</ele>
      </trkpt>
      <trkpt lat="33.21747430600226" lon="130.50571203231812">
        <ele>20.51</ele>
      </trkpt>
      <trkpt lat="33.21765669621527" lon="130.50599098205566">
        <ele>20.52</ele>
      </trkpt>
      <trkpt lat="33.21769961155951" lon="130.50605535507202">
        <ele>20.5</ele>
      </trkpt>
      <trkpt lat="33.21789273060858" lon="130.50633430480957">
        <ele>20.52</ele>
      </trkpt>
      <trkpt lat="33.21789264678955" lon="130.50633430480957">
        <ele>20.5</ele>
      </trkpt>
      <trkpt lat="33.21789273060858" lon="130.5063557624817">
        <ele>20.48</ele>
      </trkpt>
      <trkpt lat="33.218042850494385" lon="130.50665616989136">
        <ele>20.39</ele>
      </trkpt>
      <trkpt lat="33.218064391985536" lon="130.50687074661255">
        <ele>20.31</ele>
      </trkpt>
      <trkpt lat="33.21823605336249" lon="130.50687074661255">
        <ele>20.26</ele>
      </trkpt>
      <trkpt lat="33.21841785684228" lon="130.50687074661255">
        <ele>20.31</ele>
      </trkpt>
      <trkpt lat="33.218600833788514" lon="130.50687074661255">
        <ele>20.37</ele>
      </trkpt>
      <trkpt lat="33.21880401112139" lon="130.50687074661255">
        <ele>20.47</ele>
      </trkpt>
      <trkpt lat="33.219008445739746" lon="130.50687074661255">
        <ele>20.42</ele>
      </trkpt>
      <trkpt lat="33.21900852955878" lon="130.50687074661255">
        <ele>20.4</ele>
      </trkpt>
      <trkpt lat="33.219222435727715" lon="130.50687074661255">
        <ele>20.28</ele>
      </trkpt>
      <trkpt lat="33.21943634189665" lon="130.50687074661255">
        <ele>20.18</ele>
      </trkpt>
      <trkpt lat="33.21965217590332" lon="130.50687074661255">
        <ele>20.12</ele>
      </trkpt>
      <trkpt lat="33.21983397938311" lon="130.50690276548266">
        <ele>20.15</ele>
      </trkpt>
      <trkpt lat="33.220016956329346" lon="130.5069351196289">
        <ele>20.23</ele>
      </trkpt>
      <trkpt lat="33.22029531933367" lon="130.50709571689367">
        <ele>20.33</ele>
      </trkpt>
      <trkpt lat="33.22057485580444" lon="130.5072569847107">
        <ele>20.3</ele>
      </trkpt>
      <trkpt lat="33.22075699456036" lon="130.5074176657945">
        <ele>20.19</ele>
      </trkpt>
      <trkpt lat="33.2209397200495" lon="130.50757884979248">
        <ele>20.07</ele>
      </trkpt>
      <trkpt lat="33.22117977775633" lon="130.50781027413905">
        <ele>19.96</ele>
      </trkpt>
      <trkpt lat="33.221419835463166" lon="130.50804178230464">
        <ele>20.0</ele>
      </trkpt>
      <trkpt lat="33.22165989317" lon="130.50827329047024">
        <ele>20.09</ele>
      </trkpt>
      <trkpt lat="33.221900034695864" lon="130.50850488245487">
        <ele>20.14</ele>
      </trkpt>
      <trkpt lat="33.22214134968817" lon="130.5087375640869">
        <ele>20.25</ele>
      </trkpt>
      <trkpt lat="33.22227722033858" lon="130.50894493237138">
        <ele>20.26</ele>
      </trkpt>
      <trkpt lat="33.222413090988994" lon="130.50915238447487">
        <ele>20.25</ele>
      </trkpt>
      <trkpt lat="33.222548961639404" lon="130.50935983657837">
        <ele>20.21</ele>
      </trkpt>
      <trkpt lat="33.22262406349182" lon="130.50956385210156">
        <ele>20.1</ele>
      </trkpt>
      <trkpt lat="33.22269916534424" lon="130.50976753234863">
        <ele>19.94</ele>
      </trkpt>
      <trkpt lat="33.22273143567145" lon="130.51004690118134">
        <ele>19.63</ele>
      </trkpt>
      <trkpt lat="33.22276362217963" lon="130.51032543182373">
        <ele>19.4</ele>
      </trkpt>
      <trkpt lat="33.22276362217963" lon="130.51056146621704">
        <ele>19.22</ele>
      </trkpt>
      <trkpt lat="33.22281366214156" lon="130.51080496050417">
        <ele>19.04</ele>
      </trkpt>
      <trkpt lat="33.22286378592253" lon="130.51104853861034">
        <ele>18.85</ele>
      </trkpt>
      <trkpt lat="33.22291374206543" lon="130.5112910270691">
        <ele>18.69</ele>
      </trkpt>
      <trkpt lat="33.22299965657294" lon="130.51154877059162">
        <ele>18.52</ele>
      </trkpt>
      <trkpt lat="33.223085487261415" lon="130.51180601119995">
        <ele>18.4</ele>
      </trkpt>
      <trkpt lat="33.22322487831116" lon="130.51196677610278">
        <ele>18.25</ele>
      </trkpt>
      <trkpt lat="33.22336443699896" lon="130.51212787628174">
        <ele>17.98</ele>
      </trkpt>
      <trkpt lat="33.22342881001532" lon="130.51217079162598">
        <ele>17.75</ele>
      </trkpt>
      <trkpt lat="33.22362176142633" lon="130.51239056512713">
        <ele>17.45</ele>
      </trkpt>
      <trkpt lat="33.22381471283734" lon="130.5126103386283">
        <ele>17.22</ele>
      </trkpt>
      <trkpt lat="33.22400766424835" lon="130.51283019594848">
        <ele>17.08</ele>
      </trkpt>
      <trkpt lat="33.22420120239258" lon="130.51305055618286">
        <ele>16.89</ele>
      </trkpt>
      <trkpt lat="33.22434042580426" lon="130.5131576769054">
        <ele>16.82</ele>
      </trkpt>
      <trkpt lat="33.22448015213013" lon="130.51326513290405">
        <ele>16.87</ele>
      </trkpt>
      <trkpt lat="33.22471627034247" lon="130.5133295059204">
        <ele>17.01</ele>
      </trkpt>
      <trkpt lat="33.2249943818897" lon="130.51338298246264">
        <ele>17.21</ele>
      </trkpt>
      <trkpt lat="33.22527416981757" lon="130.513436794281">
        <ele>17.42</ele>
      </trkpt>
      <trkpt lat="33.22531700134277" lon="130.51345825195312">
        <ele>17.57</ele>
      </trkpt>
      <trkpt lat="33.225317085161805" lon="130.51345825195312">
        <ele>17.76</ele>
      </trkpt>
      <trkpt lat="33.225616654381156" lon="130.51355456002057">
        <ele>17.91</ele>
      </trkpt>
      <trkpt lat="33.22591781616211" lon="130.5136513710022">
        <ele>18.2</ele>
      </trkpt>
      <trkpt lat="33.22591789998114" lon="130.5136513710022">
        <ele>18.51</ele>
      </trkpt>
      <trkpt lat="33.226139014586806" lon="130.5137227009982">
        <ele>18.88</ele>
      </trkpt>
      <trkpt lat="33.22636012919247" lon="130.51379403099418">
        <ele>19.2</ele>
      </trkpt>
      <trkpt lat="33.2265830039978" lon="130.5138659477234">
        <ele>19.6</ele>
      </trkpt>
      <trkpt lat="33.22676497511566" lon="130.51396225579083">
        <ele>20.06</ele>
      </trkpt>
      <trkpt lat="33.22694786824286" lon="130.51405906677246">
        <ele>20.57</ele>
      </trkpt>
      <trkpt lat="33.22708709165454" lon="130.51415545865893">
        <ele>21.14</ele>
      </trkpt>
      <trkpt lat="33.22722681798041" lon="130.51425218582153">
        <ele>21.7</ele>
      </trkpt>
      <trkpt lat="33.22741440497339" lon="130.51446659490466">
        <ele>22.28</ele>
      </trkpt>
      <trkpt lat="33.2276020757854" lon="130.5146810039878">
        <ele>22.86</ele>
      </trkpt>
      <trkpt lat="33.22778966277838" lon="130.51489549688995">
        <ele>23.4</ele>
      </trkpt>
      <trkpt lat="33.22797783650458" lon="130.5151104927063">
        <ele>23.94</ele>
      </trkpt>
      <trkpt lat="33.22822426445782" lon="130.5153140053153">
        <ele>24.45</ele>
      </trkpt>
      <trkpt lat="33.22847136296332" lon="130.51551818847656">
        <ele>24.81</ele>
      </trkpt>
      <trkpt lat="33.22864989750087" lon="130.51565380766988">
        <ele>25.23</ele>
      </trkpt>
      <trkpt lat="33.228828432038426" lon="130.51578951068223">
        <ele>25.69</ele>
      </trkpt>
      <trkpt lat="33.2290078047663" lon="130.51592588424683">
        <ele>26.14</ele>
      </trkpt>
      <trkpt lat="33.22920092381537" lon="130.51609754562378">
        <ele>26.48</ele>
      </trkpt>
      <trkpt lat="33.22937258519232" lon="130.5162477493286">
        <ele>26.74</ele>
      </trkpt>
      <trkpt lat="33.22943687438965" lon="130.51629066467285">
        <ele>27.01</ele>
      </trkpt>
      <trkpt lat="33.22939186356962" lon="130.51639870740473">
        <ele>27.25</ele>
      </trkpt>
      <trkpt lat="33.22943695820868" lon="130.51629066467285">
        <ele>27.46</ele>
      </trkpt>
      <trkpt lat="33.229701071977615" lon="130.51646199077368">
        <ele>27.67</ele>
      </trkpt>
      <trkpt lat="33.22996526956558" lon="130.5166333168745">
        <ele>27.88</ele>
      </trkpt>
      <trkpt lat="33.23023089207709" lon="130.5168056488037">
        <ele>28.04</ele>
      </trkpt>
      <trkpt lat="33.230295265093446" lon="130.51684856414795">
        <ele>28.18</ele>
      </trkpt>
      <trkpt lat="33.23038109578192" lon="130.5168914794922">
        <ele>28.3</ele>
      </trkpt>
      <trkpt lat="33.2304669264704" lon="130.51695585250854">
        <ele>28.43</ele>
      </trkpt>
      <trkpt lat="33.23072391562164" lon="130.51713430322707">
        <ele>28.56</ele>
      </trkpt>
      <trkpt lat="33.23098098859191" lon="130.51731283776462">
        <ele>28.76</ele>
      </trkpt>
      <trkpt lat="33.23123940266669" lon="130.51749229431152">
        <ele>28.93</ele>
      </trkpt>
      <trkpt lat="33.231303691864014" lon="130.51753520965576">
        <ele>29.12</ele>
      </trkpt>
      <trkpt lat="33.2314823102206" lon="130.51770661957562">
        <ele>29.3</ele>
      </trkpt>
      <trkpt lat="33.231660928577185" lon="130.5178781133145">
        <ele>29.52</ele>
      </trkpt>
      <trkpt lat="33.23184013366699" lon="130.51805019378662">
        <ele>29.8</ele>
      </trkpt>
      <trkpt lat="33.232076251879334" lon="130.51817893981934">
        <ele>30.11</ele>
      </trkpt>
      <trkpt lat="33.232376659289" lon="130.5182433128357">
        <ele>30.57</ele>
      </trkpt>
      <trkpt lat="33.23259056545794" lon="130.5182433128357">
        <ele>31.03</ele>
      </trkpt>
      <trkpt lat="33.232805812731385" lon="130.5182433128357">
        <ele>31.51</ele>
      </trkpt>
      <trkpt lat="33.23304109275341" lon="130.5182433128357">
        <ele>31.98</ele>
      </trkpt>
      <trkpt lat="33.233277881518006" lon="130.5182433128357">
        <ele>32.36</ele>
      </trkpt>
      <trkpt lat="33.23344954289496" lon="130.5182647705078">
        <ele>32.65</ele>
      </trkpt>
      <trkpt lat="33.23359974659979" lon="130.5183720588684">
        <ele>33.0</ele>
      </trkpt>
      <trkpt lat="33.233824549242854" lon="130.518500469625">
        <ele>33.4</ele>
      </trkpt>
      <trkpt lat="33.234050273895264" lon="130.51862955093384">
        <ele>34.08</ele>
      </trkpt>
      <trkpt lat="33.23432846926153" lon="130.5187365040183">
        <ele>34.7</ele>
      </trkpt>
      <trkpt lat="33.23460674844682" lon="130.5188435409218">
        <ele>35.18</ele>
      </trkpt>
      <trkpt lat="33.23488712310791" lon="130.51895141601562">
        <ele>35.61</ele>
      </trkpt>
      <trkpt lat="33.23506926186383" lon="130.5190906394273">
        <ele>36.03</ele>
      </trkpt>
      <trkpt lat="33.23525198735297" lon="130.51923036575317">
        <ele>36.43</ele>
      </trkpt>
      <trkpt lat="33.23544477112591" lon="130.5193803180009">
        <ele>36.86</ele>
      </trkpt>
      <trkpt lat="33.23563763871789" lon="130.51953027024865">
        <ele>37.19</ele>
      </trkpt>
      <trkpt lat="33.235831344500184" lon="130.51968097686768">
        <ele>37.39</ele>
      </trkpt>
      <trkpt lat="33.23600267060101" lon="130.51982020027936">
        <ele>37.46</ele>
      </trkpt>
      <trkpt lat="33.23617458343506" lon="130.51995992660522">
        <ele>37.42</ele>
      </trkpt>
      <trkpt lat="33.236292600631714" lon="130.52020685747266">
        <ele>37.3</ele>
      </trkpt>
      <trkpt lat="33.23641061782837" lon="130.52045345306396">
        <ele>37.05</ele>
      </trkpt>
      <trkpt lat="33.23653919622302" lon="130.52057130262256">
        <ele>36.69</ele>
      </trkpt>
      <trkpt lat="33.2366681098938" lon="130.52068948745728">
        <ele>36.17</ele>
      </trkpt>
      <trkpt lat="33.23694622144103" lon="130.52071086131036">
        <ele>35.61</ele>
      </trkpt>
      <trkpt lat="33.2372260093689" lon="130.5207324028015">
        <ele>34.92</ele>
      </trkpt>
      <trkpt lat="33.23738652281463" lon="130.5207966081798">
        <ele>34.2</ele>
      </trkpt>
      <trkpt lat="33.237547874450684" lon="130.52086114883423">
        <ele>33.38</ele>
      </trkpt>
      <trkpt lat="33.23753119446337" lon="130.52093910053372">
        <ele>32.69</ele>
      </trkpt>
      <trkpt lat="33.237547958269715" lon="130.52086114883423">
        <ele>31.94</ele>
      </trkpt>
      <trkpt lat="33.23781902901828" lon="130.520960977301">
        <ele>30.96</ele>
      </trkpt>
      <trkpt lat="33.23809018358588" lon="130.5210608895868">
        <ele>30.07</ele>
      </trkpt>
      <trkpt lat="33.23836334981024" lon="130.5211615562439">
        <ele>29.27</ele>
      </trkpt>
      <trkpt lat="33.23853459209204" lon="130.52123640663922">
        <ele>28.56</ele>
      </trkpt>
      <trkpt lat="33.23870667256415" lon="130.52131175994873">
        <ele>27.83</ele>
      </trkpt>
      <trkpt lat="33.238894175738096" lon="130.52148853428662">
        <ele>27.18</ele>
      </trkpt>
      <trkpt lat="33.239081762731075" lon="130.52166539244354">
        <ele>26.56</ele>
      </trkpt>
      <trkpt lat="33.23926926590502" lon="130.52184225060046">
        <ele>26.05</ele>
      </trkpt>
      <trkpt lat="33.23945769108832" lon="130.52201986312866">
        <ele>25.57</ele>
      </trkpt>
      <trkpt lat="33.2396933902055" lon="130.52222337573767">
        <ele>25.12</ele>
      </trkpt>
      <trkpt lat="33.23992967605591" lon="130.52242755889893">
        <ele>24.65</ele>
      </trkpt>
      <trkpt lat="33.2401009183377" lon="130.52250240929425">
        <ele>24.15</ele>
      </trkpt>
      <trkpt lat="33.240273082628846" lon="130.52257776260376">
        <ele>23.68</ele>
      </trkpt>
      <trkpt lat="33.24043359607458" lon="130.52264196798205">
        <ele>23.24</ele>
      </trkpt>
      <trkpt lat="33.24059494771063" lon="130.52270650863647">
        <ele>22.87</ele>
      </trkpt>
      <trkpt lat="33.24075537733734" lon="130.52272788248956">
        <ele>22.55</ele>
      </trkpt>
      <trkpt lat="33.24091681279242" lon="130.5227494239807">
        <ele>22.25</ele>
      </trkpt>
      <trkpt lat="33.241173550486565" lon="130.52278144285083">
        <ele>21.93</ele>
      </trkpt>
      <trkpt lat="33.24143028818071" lon="130.52281354553998">
        <ele>21.59</ele>
      </trkpt>
      <trkpt lat="33.241687109693885" lon="130.52284564822912">
        <ele>21.26</ele>
      </trkpt>
      <trkpt lat="33.24194678105414" lon="130.52287817001343">
        <ele>20.87</ele>
      </trkpt>
      <trkpt lat="33.2420539855957" lon="130.52287817001343">
        <ele>20.55</ele>
      </trkpt>
      <trkpt lat="33.242054069414735" lon="130.52287817001343">
        <ele>20.31</ele>
      </trkpt>
      <trkpt lat="33.24230007827282" lon="130.52288881503046">
        <ele>19.99</ele>
      </trkpt>
      <trkpt lat="33.242547595873475" lon="130.52289962768555">
        <ele>19.78</ele>
      </trkpt>
      <trkpt lat="33.242569053545594" lon="130.52289962768555">
        <ele>19.59</ele>
      </trkpt>
      <trkpt lat="33.2427294831723" lon="130.52291027270257">
        <ele>19.44</ele>
      </trkpt>
      <trkpt lat="33.24289091862738" lon="130.52292108535767">
        <ele>19.33</ele>
      </trkpt>
      <trkpt lat="33.24311907403171" lon="130.52293533459306">
        <ele>19.25</ele>
      </trkpt>
      <trkpt lat="33.24334731325507" lon="130.52294958382845">
        <ele>19.13</ele>
      </trkpt>
      <trkpt lat="33.24357748031616" lon="130.5229640007019">
        <ele>18.96</ele>
      </trkpt>
      <trkpt lat="33.24387696571648" lon="130.52299601957202">
        <ele>18.72</ele>
      </trkpt>
      <trkpt lat="33.24417653493583" lon="130.52302812226117">
        <ele>18.46</ele>
      </trkpt>
      <trkpt lat="33.24447610415518" lon="130.5230602249503">
        <ele>18.2</ele>
      </trkpt>
      <trkpt lat="33.244775673374534" lon="130.52309232763946">
        <ele>18.0</ele>
      </trkpt>
      <trkpt lat="33.245075242593884" lon="130.5231244303286">
        <ele>17.73</ele>
      </trkpt>
      <trkpt lat="33.245374811813235" lon="130.52315653301775">
        <ele>17.44</ele>
      </trkpt>
      <trkpt lat="33.245674381032586" lon="130.5231886357069">
        <ele>17.33</ele>
      </trkpt>
      <trkpt lat="33.245980739593506" lon="130.52322149276733">
        <ele>17.26</ele>
      </trkpt>
      <trkpt lat="33.24598082341254" lon="130.52322149276733">
        <ele>17.13</ele>
      </trkpt>
      <trkpt lat="33.24624476954341" lon="130.52313582971692">
        <ele>16.99</ele>
      </trkpt>
      <trkpt lat="33.24650871567428" lon="130.52305025048554">
        <ele>16.87</ele>
      </trkpt>
      <trkpt lat="33.246774757280946" lon="130.5229640007019">
        <ele>16.64</ele>
      </trkpt>
      <trkpt lat="33.24698162265122" lon="130.5228854622692">
        <ele>16.57</ele>
      </trkpt>
      <trkpt lat="33.247188571840525" lon="130.5228070076555">
        <ele>16.62</ele>
      </trkpt>
      <trkpt lat="33.2473970297724" lon="130.5227279663086">
        <ele>16.77</ele>
      </trkpt>
      <trkpt lat="33.24741840362549" lon="130.5227279663086">
        <ele>16.87</ele>
      </trkpt>
      <trkpt lat="33.24741848744452" lon="130.5227279663086">
        <ele>17.0</ele>
      </trkpt>
      <trkpt lat="33.24761160649359" lon="130.52266359329224">
        <ele>17.25</ele>
      </trkpt>
      <trkpt lat="33.24765452183783" lon="130.52264213562012">
        <ele>17.49</ele>
      </trkpt>
      <trkpt lat="33.247861387208104" lon="130.5225635971874">
        <ele>17.85</ele>
      </trkpt>
      <trkpt lat="33.24806833639741" lon="130.52248514257371">
        <ele>18.17</ele>
      </trkpt>
      <trkpt lat="33.248276794329286" lon="130.5224061012268">
        <ele>18.4</ele>
      </trkpt>
      <trkpt lat="33.24851215817034" lon="130.52233116701245">
        <ele>18.62</ele>
      </trkpt>
      <trkpt lat="33.24874886311591" lon="130.52225589752197">
        <ele>18.9</ele>
      </trkpt>
      <trkpt lat="33.249048348516226" lon="130.52224868908525">
        <ele>19.2</ele>
      </trkpt>
      <trkpt lat="33.249347833916545" lon="130.52224156446755">
        <ele>19.46</ele>
      </trkpt>
      <trkpt lat="33.24965000152588" lon="130.52223443984985">
        <ele>19.83</ele>
      </trkpt>
      <trkpt lat="33.24973591603339" lon="130.5225567240268">
        <ele>20.46</ele>
      </trkpt>
      <trkpt lat="33.24982191435993" lon="130.52287900820374">
        <ele>21.01</ele>
      </trkpt>
      <trkpt lat="33.249907828867435" lon="130.52320137619972">
        <ele>21.48</ele>
      </trkpt>
      <trkpt lat="33.249993827193975" lon="130.52352366037667">
        <ele>21.98</ele>
      </trkpt>
      <trkpt lat="33.25007923878729" lon="130.5238437652588">
        <ele>22.54</ele>
      </trkpt>
      <trkpt lat="33.250180492177606" lon="130.52416906692088">
        <ele>23.04</ele>
      </trkpt>
      <trkpt lat="33.25028174556792" lon="130.52449436858296">
        <ele>23.53</ele>
      </trkpt>
      <trkpt lat="33.25038299895823" lon="130.52481975406408">
        <ele>23.99</ele>
      </trkpt>
      <trkpt lat="33.250484336167574" lon="130.52514505572617">
        <ele>24.52</ele>
      </trkpt>
      <trkpt lat="33.250585589557886" lon="130.5254704412073">
        <ele>24.94</ele>
      </trkpt>
      <trkpt lat="33.2506868429482" lon="130.52579574286938">
        <ele>25.09</ele>
      </trkpt>
      <trkpt lat="33.25078725814819" lon="130.52611827850342">
        <ele>25.21</ele>
      </trkpt>
      <trkpt lat="33.25083738192916" lon="130.52636898122728">
        <ele>25.64</ele>
      </trkpt>
      <trkpt lat="33.250887505710125" lon="130.52661968395114">
        <ele>26.09</ele>
      </trkpt>
      <trkpt lat="33.25093746185303" lon="130.5268692970276">
        <ele>26.57</ele>
      </trkpt>
      <trkpt lat="33.25097325257957" lon="130.5271415412426">
        <ele>26.96</ele>
      </trkpt>
      <trkpt lat="33.251009127125144" lon="130.5274137854576">
        <ele>27.29</ele>
      </trkpt>
      <trkpt lat="33.251044834032655" lon="130.52768468856812">
        <ele>27.64</ele>
      </trkpt>
      <trkpt lat="33.25107341632247" lon="130.52798559889197">
        <ele>28.08</ele>
      </trkpt>
      <trkpt lat="33.251102082431316" lon="130.52828650921583">
        <ele>28.64</ele>
      </trkpt>
      <trkpt lat="33.2511305809021" lon="130.52858591079712">
        <ele>29.22</ele>
      </trkpt>
      <trkpt lat="33.2511305809021" lon="130.5288940295577">
        <ele>29.71</ele>
      </trkpt>
      <trkpt lat="33.2511305809021" lon="130.5292021483183">
        <ele>30.29</ele>
      </trkpt>
      <trkpt lat="33.2511305809021" lon="130.52950859069824">
        <ele>30.73</ele>
      </trkpt>
      <trkpt lat="33.25110074132681" lon="130.52983690984547">
        <ele>31.11</ele>
      </trkpt>
      <trkpt lat="33.25107090175152" lon="130.5301652289927">
        <ele>31.59</ele>
      </trkpt>
      <trkpt lat="33.25104122981429" lon="130.5304918717593">
        <ele>32.37</ele>
      </trkpt>
      <trkpt lat="33.25101071968675" lon="130.53082689642906">
        <ele>33.28</ele>
      </trkpt>
      <trkpt lat="33.2509804610163" lon="130.53116083145142">
        <ele>34.06</ele>
      </trkpt>
      <trkpt lat="33.250969648361206" lon="130.53148328326643">
        <ele>34.81</ele>
      </trkpt>
      <trkpt lat="33.25095891952515" lon="130.531804561615">
        <ele>35.69</ele>
      </trkpt>
      <trkpt lat="33.25124314986169" lon="130.531804561615">
        <ele>36.43</ele>
      </trkpt>
      <trkpt lat="33.25152746401727" lon="130.531804561615">
        <ele>37.22</ele>
      </trkpt>
      <trkpt lat="33.25181169435382" lon="130.531804561615">
        <ele>37.88</ele>
      </trkpt>
      <trkpt lat="33.2520960085094" lon="130.531804561615">
        <ele>38.62</ele>
      </trkpt>
      <trkpt lat="33.252380238845944" lon="130.531804561615">
        <ele>39.49</ele>
      </trkpt>
      <trkpt lat="33.25266455300152" lon="130.531804561615">
        <ele>40.41</ele>
      </trkpt>
      <trkpt lat="33.25295456685126" lon="130.531804561615">
        <ele>41.32</ele>
      </trkpt>
      <trkpt lat="33.25295448303223" lon="130.531804561615">
        <ele>42.12</ele>
      </trkpt>
      <trkpt lat="33.25324541889131" lon="130.53180020302534">
        <ele>42.92</ele>
      </trkpt>
      <trkpt lat="33.25353643856943" lon="130.53179592825472">
        <ele>43.66</ele>
      </trkpt>
      <trkpt lat="33.25382745824754" lon="130.5317916534841">
        <ele>44.44</ele>
      </trkpt>
      <trkpt lat="33.25411839410663" lon="130.5317873787135">
        <ele>45.33</ele>
      </trkpt>
      <trkpt lat="33.25441360473633" lon="130.53178310394287">
        <ele>46.21</ele>
      </trkpt>
      <trkpt lat="33.25464963912964" lon="130.5318260192871">
        <ele>46.97</ele>
      </trkpt>
      <trkpt lat="33.25485298410058" lon="130.5319330561906">
        <ele>47.58</ele>
      </trkpt>
      <trkpt lat="33.2550573348999" lon="130.5320405960083">
        <ele>48.05</ele>
      </trkpt>
      <trkpt lat="33.2552801258862" lon="130.5322033725679">
        <ele>48.39</ele>
      </trkpt>
      <trkpt lat="33.2555029168725" lon="130.53236623294652">
        <ele>48.6</ele>
      </trkpt>
      <trkpt lat="33.2557257078588" lon="130.5325290095061">
        <ele>48.79</ele>
      </trkpt>
      <trkpt lat="33.2559484988451" lon="130.53269186988473">
        <ele>49.12</ele>
      </trkpt>
      <trkpt lat="33.2561731338501" lon="130.53285598754883">
        <ele>49.44</ele>
      </trkpt>
      <trkpt lat="33.25647278688848" lon="130.5329629406333">
        <ele>49.64</ele>
      </trkpt>
      <trkpt lat="33.256773948669434" lon="130.53307056427002">
        <ele>49.62</ele>
      </trkpt>
      <trkpt lat="33.25706069357693" lon="130.53312613628805">
        <ele>49.47</ele>
      </trkpt>
      <trkpt lat="33.25734743848443" lon="130.5331817921251">
        <ele>49.23</ele>
      </trkpt>
      <trkpt lat="33.25763418339193" lon="130.53323744796216">
        <ele>48.97</ele>
      </trkpt>
      <trkpt lat="33.25792092829943" lon="130.53329310379922">
        <ele>48.74</ele>
      </trkpt>
      <trkpt lat="33.258211612701416" lon="130.53334951400757">
        <ele>48.28</ele>
      </trkpt>
      <trkpt lat="33.25850045308471" lon="130.5333601590246">
        <ele>47.66</ele>
      </trkpt>
      <trkpt lat="33.25879096984863" lon="130.5333709716797">
        <ele>46.88</ele>
      </trkpt>
      <trkpt lat="33.259090539067984" lon="130.53331741131842">
        <ele>46.03</ele>
      </trkpt>
      <trkpt lat="33.259391868487" lon="130.5332636833191">
        <ele>45.33</ele>
      </trkpt>
      <trkpt lat="33.25939178466797" lon="130.5332636833191">
        <ele>44.64</ele>
      </trkpt>
      <trkpt lat="33.25968062505126" lon="130.53322621621192">
        <ele>44.21</ele>
      </trkpt>
      <trkpt lat="33.25996954925358" lon="130.53318874910474">
        <ele>43.74</ele>
      </trkpt>
      <trkpt lat="33.260258389636874" lon="130.53315128199756">
        <ele>42.98</ele>
      </trkpt>
      <trkpt lat="33.260550582781434" lon="130.53311347961426">
        <ele>41.87</ele>
      </trkpt>
      <trkpt lat="33.2605504989624" lon="130.53311347961426">
        <ele>41.0</ele>
      </trkpt>
      <trkpt lat="33.260817881673574" lon="130.5331027507782">
        <ele>39.81</ele>
      </trkpt>
      <trkpt lat="33.26108694076538" lon="130.53309202194214">
        <ele>38.73</ele>
      </trkpt>
      <trkpt lat="33.261308055371046" lon="130.53312764503062">
        <ele>37.79</ele>
      </trkpt>
      <trkpt lat="33.26152916997671" lon="130.5331632681191">
        <ele>36.88</ele>
      </trkpt>
      <trkpt lat="33.261752128601074" lon="130.53319931030273">
        <ele>36.01</ele>
      </trkpt>
      <trkpt lat="33.261954970657825" lon="130.53319931030273">
        <ele>35.18</ele>
      </trkpt>
      <trkpt lat="33.26215907000005" lon="130.53319931030273">
        <ele>34.38</ele>
      </trkpt>
      <trkpt lat="33.26237448491156" lon="130.53319931030273">
        <ele>33.67</ele>
      </trkpt>
      <trkpt lat="33.26268469914794" lon="130.5331672076136">
        <ele>33.32</ele>
      </trkpt>
      <trkpt lat="33.262996757403016" lon="130.53313493728638">
        <ele>33.01</ele>
      </trkpt>
      <trkpt lat="33.263007402420044" lon="130.53294139914215">
        <ele>32.63</ele>
      </trkpt>
      <trkpt lat="33.2630181312561" lon="130.53274869918823">
        <ele>32.29</ele>
      </trkpt>
      <trkpt lat="33.26298586092889" lon="130.53252297453582">
        <ele>31.89</ele>
      </trkpt>
      <trkpt lat="33.26295384205878" lon="130.53229808807373">
        <ele>31.59</ele>
      </trkpt>
      <trkpt lat="33.26282509602606" lon="130.53197622299194">
        <ele>31.38</ele>
      </trkpt>
      <trkpt lat="33.2627712842077" lon="130.53167531266809">
        <ele>31.32</ele>
      </trkpt>
      <trkpt lat="33.262717723846436" lon="130.5313754081726">
        <ele>31.05</ele>
      </trkpt>
      <trkpt lat="33.262728452682495" lon="130.5310098733753">
        <ele>30.75</ele>
      </trkpt>
      <trkpt lat="33.262739181518555" lon="130.53064442239702">
        <ele>30.52</ele>
      </trkpt>
      <trkpt lat="33.262749910354614" lon="130.53027897141874">
        <ele>30.31</ele>
      </trkpt>
      <trkpt lat="33.262760639190674" lon="130.5299162864685">
        <ele>30.2</ele>
      </trkpt>
      <trkpt lat="33.26288938522339" lon="130.52965879440308">
        <ele>30.13</ele>
      </trkpt>
      <trkpt lat="33.26308669522405" lon="130.52938411943614">
        <ele>30.05</ele>
      </trkpt>
      <trkpt lat="33.26328408904374" lon="130.52910952828825">
        <ele>29.96</ele>
      </trkpt>
      <trkpt lat="33.263481482863426" lon="130.52883493714035">
        <ele>29.92</ele>
      </trkpt>
      <trkpt lat="33.263678876683116" lon="130.52856026217341">
        <ele>29.68</ele>
      </trkpt>
      <trkpt lat="33.26387643814087" lon="130.52828550338745">
        <ele>29.49</ele>
      </trkpt>
      <trkpt lat="33.26397308148444" lon="130.52804921753705">
        <ele>29.4</ele>
      </trkpt>
      <trkpt lat="33.26406955718994" lon="130.52781343460083">
        <ele>29.44</ele>
      </trkpt>
      <trkpt lat="33.26406964100897" lon="130.52781343460083">
        <ele>29.33</ele>
      </trkpt>
      <trkpt lat="33.26418765820563" lon="130.52757723256946">
        <ele>29.38</ele>
      </trkpt>
      <trkpt lat="33.26430559158325" lon="130.5273413658142">
        <ele>29.25</ele>
      </trkpt>
      <trkpt lat="33.26452016830444" lon="130.5271053314209">
        <ele>29.07</ele>
      </trkpt>
      <trkpt lat="33.26467037200928" lon="130.52686208859086">
        <ele>28.74</ele>
      </trkpt>
      <trkpt lat="33.26482057571411" lon="130.52661884576082">
        <ele>28.43</ele>
      </trkpt>
      <trkpt lat="33.264970779418945" lon="130.52637577056885">
        <ele>28.26</ele>
      </trkpt>
      <trkpt lat="33.26506742276251" lon="130.52613948471844">
        <ele>28.07</ele>
      </trkpt>
      <trkpt lat="33.26516398228705" lon="130.52590370178223">
        <ele>27.88</ele>
      </trkpt>
      <trkpt lat="33.265282083302736" lon="130.52557068876922">
        <ele>27.68</ele>
      </trkpt>
      <trkpt lat="33.26540001668036" lon="130.52523851394653">
        <ele>27.56</ele>
      </trkpt>
      <trkpt lat="33.26546438969672" lon="130.52505587227643">
        <ele>27.45</ele>
      </trkpt>
      <trkpt lat="33.26552867889404" lon="130.5248737335205">
        <ele>27.36</ele>
      </trkpt>
      <trkpt lat="33.26562532223761" lon="130.5246051773429">
        <ele>27.23</ele>
      </trkpt>
      <trkpt lat="33.265721797943115" lon="130.52433729171753">
        <ele>27.1</ele>
      </trkpt>
      <trkpt lat="33.265764797106385" lon="130.52413310855627">
        <ele>26.99</ele>
      </trkpt>
      <trkpt lat="33.26580771245062" lon="130.52392959594727">
        <ele>26.9</ele>
      </trkpt>
      <trkpt lat="33.26592572964728" lon="130.52362885326147">
        <ele>26.67</ele>
      </trkpt>
      <trkpt lat="33.2660436630249" lon="130.52332878112793">
        <ele>26.35</ele>
      </trkpt>
      <trkpt lat="33.266043746843934" lon="130.52332878112793">
        <ele>26.21</ele>
      </trkpt>
      <trkpt lat="33.26609739102423" lon="130.5231138691306">
        <ele>26.04</ele>
      </trkpt>
      <trkpt lat="33.2661509513855" lon="130.52289962768555">
        <ele>25.92</ele>
      </trkpt>
      <trkpt lat="33.26627969741821" lon="130.52269569598138">
        <ele>25.85</ele>
      </trkpt>
      <trkpt lat="33.26640844345093" lon="130.52249193191528">
        <ele>25.87</ele>
      </trkpt>
      <trkpt lat="33.26646569184959" lon="130.52214802242815">
        <ele>25.73</ele>
      </trkpt>
      <trkpt lat="33.26652302406728" lon="130.52180411294103">
        <ele>25.62</ele>
      </trkpt>
      <trkpt lat="33.26658010482788" lon="130.52146196365356">
        <ele>25.54</ele>
      </trkpt>
      <trkpt lat="33.26662302017212" lon="130.52119323983788">
        <ele>25.57</ele>
      </trkpt>
      <trkpt lat="33.26666593551636" lon="130.5209255218506">
        <ele>25.55</ele>
      </trkpt>
      <trkpt lat="33.26664439402521" lon="130.5206567980349">
        <ele>25.49</ele>
      </trkpt>
      <trkpt lat="33.26662302017212" lon="130.5203890800476">
        <ele>25.45</ele>
      </trkpt>
      <trkpt lat="33.266741121187806" lon="130.52009906619787">
        <ele>25.47</ele>
      </trkpt>
      <trkpt lat="33.26685905456543" lon="130.5198097229004">
        <ele>25.56</ele>
      </trkpt>
      <trkpt lat="33.26691278256476" lon="130.51947654224932">
        <ele>25.65</ele>
      </trkpt>
      <trkpt lat="33.266966342926025" lon="130.5191445350647">
        <ele>25.72</ele>
      </trkpt>
      <trkpt lat="33.266960894688964" lon="130.51885426975787">
        <ele>25.91</ele>
      </trkpt>
      <trkpt lat="33.266955530270934" lon="130.51856408827007">
        <ele>26.13</ele>
      </trkpt>
      <trkpt lat="33.266950165852904" lon="130.51827382296324">
        <ele>26.3</ele>
      </trkpt>
      <trkpt lat="33.266944885253906" lon="130.51798582077026">
        <ele>26.54</ele>
      </trkpt>
      <trkpt lat="33.266869615763426" lon="130.5177601799369">
        <ele>26.82</ele>
      </trkpt>
      <trkpt lat="33.26679468154907" lon="130.51753520965576">
        <ele>27.12</ele>
      </trkpt>
      <trkpt lat="33.26670155860484" lon="130.51728459075093">
        <ele>27.3</ele>
      </trkpt>
      <trkpt lat="33.2666084356606" lon="130.5170339718461">
        <ele>27.53</ele>
      </trkpt>
      <trkpt lat="33.26651573181152" lon="130.5167841911316">
        <ele>27.78</ele>
      </trkpt>
      <trkpt lat="33.266793843358755" lon="130.51677346229553">
        <ele>28.19</ele>
      </trkpt>
      <trkpt lat="33.26707363128662" lon="130.51676273345947">
        <ele>28.63</ele>
      </trkpt>
      <trkpt lat="33.26731997542083" lon="130.5165698658675">
        <ele>29.06</ele>
      </trkpt>
      <trkpt lat="33.26756715774536" lon="130.51637649536133">
        <ele>29.41</ele>
      </trkpt>
      <trkpt lat="33.26767452992499" lon="130.5164623260498">
        <ele>29.61</ele>
      </trkpt>
      <trkpt lat="33.26771744526923" lon="130.5164623260498">
        <ele>29.85</ele>
      </trkpt>
      <trkpt lat="33.267970494925976" lon="130.51627767272294">
        <ele>30.17</ele>
      </trkpt>
      <trkpt lat="33.268223628401756" lon="130.5160931032151">
        <ele>30.36</ele>
      </trkpt>
      <trkpt lat="33.26847793534398" lon="130.51590769551694">
        <ele>30.44</ele>
      </trkpt>
      <trkpt lat="33.26861238107085" lon="130.51580962724984">
        <ele>30.5</ele>
      </trkpt>
      <trkpt lat="33.268747329711914" lon="130.51571130752563">
        <ele>30.54</ele>
      </trkpt>
      <trkpt lat="33.268997026607394" lon="130.51562564447522">
        <ele>30.57</ele>
      </trkpt>
      <trkpt lat="33.269246807321906" lon="130.51554006524384">
        <ele>30.52</ele>
      </trkpt>
      <trkpt lat="33.269498432055116" lon="130.5154538154602">
        <ele>30.41</ele>
      </trkpt>
      <trkpt lat="33.269498348236084" lon="130.5154538154602">
        <ele>30.27</ele>
      </trkpt>
      <trkpt lat="33.26964830048382" lon="130.51532515324652">
        <ele>30.06</ele>
      </trkpt>
      <trkpt lat="33.26979875564575" lon="130.51519632339478">
        <ele>29.87</ele>
      </trkpt>
      <trkpt lat="33.26995616778731" lon="130.5149387475103">
        <ele>29.55</ele>
      </trkpt>
      <trkpt lat="33.270113579928875" lon="130.51468117162585">
        <ele>29.1</ele>
      </trkpt>
      <trkpt lat="33.270270908251405" lon="130.5144238471985">
        <ele>28.71</ele>
      </trkpt>
      <trkpt lat="33.27057760208845" lon="130.51450230181217">
        <ele>28.4</ele>
      </trkpt>
      <trkpt lat="33.27088437974453" lon="130.51458075642586">
        <ele>27.89</ele>
      </trkpt>
      <trkpt lat="33.27119358815253" lon="130.5146598815918">
        <ele>27.23</ele>
      </trkpt>
      <trkpt lat="33.27136516571045" lon="130.51485300064087">
        <ele>26.54</ele>
      </trkpt>
      <trkpt lat="33.2715368270874" lon="130.51515349186957">
        <ele>25.92</ele>
      </trkpt>
      <trkpt lat="33.271708488464355" lon="130.5154538154602">
        <ele>25.37</ele>
      </trkpt>
      <trkpt lat="33.27182642184198" lon="130.51558239385486">
        <ele>24.81</ele>
      </trkpt>
      <trkpt lat="33.2719446066767" lon="130.51571130752563">
        <ele>24.26</ele>
      </trkpt>
      <trkpt lat="33.272244930267334" lon="130.51581859588623">
        <ele>23.67</ele>
      </trkpt>
      <trkpt lat="33.2724589202553" lon="130.5158613435924">
        <ele>23.0</ele>
      </trkpt>
      <trkpt lat="33.27267416752875" lon="130.5159044265747">
        <ele>22.23</ele>
      </trkpt>
      <trkpt lat="33.272958397865295" lon="130.51595631055534">
        <ele>21.49</ele>
      </trkpt>
      <trkpt lat="33.273242712020874" lon="130.516008278355">
        <ele>20.84</ele>
      </trkpt>
      <trkpt lat="33.27352702617645" lon="130.51606024615467">
        <ele>20.17</ele>
      </trkpt>
      <trkpt lat="33.27381134033203" lon="130.51611221395433">
        <ele>19.39</ele>
      </trkpt>
      <trkpt lat="33.27409565448761" lon="130.51616426557302">
        <ele>18.67</ele>
      </trkpt>
      <trkpt lat="33.27437988482416" lon="130.5162162333727">
        <ele>17.97</ele>
      </trkpt>
      <trkpt lat="33.27466973103583" lon="130.51626920700073">
        <ele>17.27</ele>
      </trkpt>
      <trkpt lat="33.27496930025518" lon="130.5163690354675">
        <ele>16.54</ele>
      </trkpt>
      <trkpt lat="33.27526895329356" lon="130.5164689477533">
        <ele>16.06</ele>
      </trkpt>
      <trkpt lat="33.2755708694458" lon="130.5165696144104">
        <ele>15.62</ele>
      </trkpt>
      <trkpt lat="33.275799276307225" lon="130.5166837759316">
        <ele>15.15</ele>
      </trkpt>
      <trkpt lat="33.27602768316865" lon="130.5167979374528">
        <ele>14.78</ele>
      </trkpt>
      <trkpt lat="33.276257598772645" lon="130.5169129371643">
        <ele>14.7</ele>
      </trkpt>
      <trkpt lat="33.27640780247748" lon="130.51699876785278">
        <ele>14.72</ele>
      </trkpt>
      <trkpt lat="33.27663260512054" lon="130.51712717860937">
        <ele>14.85</ele>
      </trkpt>
      <trkpt lat="33.27685841359198" lon="130.5172562599182">
        <ele>14.97</ele>
      </trkpt>
      <trkpt lat="33.27708321623504" lon="130.51739539951086">
        <ele>15.29</ele>
      </trkpt>
      <trkpt lat="33.27730894088745" lon="130.51753520965576">
        <ele>15.64</ele>
      </trkpt>
      <trkpt lat="33.277573054656386" lon="130.51769220270216">
        <ele>15.95</ele>
      </trkpt>
      <trkpt lat="33.27783725224435" lon="130.5178492795676">
        <ele>16.26</ele>
      </trkpt>
      <trkpt lat="33.27810295857489" lon="130.51800727844238">
        <ele>16.59</ele>
      </trkpt>
      <trkpt lat="33.2783027831465" lon="130.51812143996358">
        <ele>16.9</ele>
      </trkpt>
      <trkpt lat="33.27850260771811" lon="130.5182356853038">
        <ele>17.21</ele>
      </trkpt>
      <trkpt lat="33.278703689575195" lon="130.5183506011963">
        <ele>17.52</ele>
      </trkpt>
      <trkpt lat="33.27891055494547" lon="130.51840047352016">
        <ele>17.79</ele>
      </trkpt>
      <trkpt lat="33.27911742031574" lon="130.51845042966306">
        <ele>18.04</ele>
      </trkpt>
      <trkpt lat="33.27932604588568" lon="130.51850080490112">
        <ele>18.3</ele>
      </trkpt>
      <trkpt lat="33.27956140972674" lon="130.5185435526073">
        <ele>18.57</ele>
      </trkpt>
      <trkpt lat="33.279796773567796" lon="130.5185863841325">
        <ele>18.8</ele>
      </trkpt>
      <trkpt lat="33.280034149065614" lon="130.51862955093384">
        <ele>18.97</ele>
      </trkpt>
      <trkpt lat="33.280301531776786" lon="130.51867766305804">
        <ele>19.04</ele>
      </trkpt>
      <trkpt lat="33.28056899830699" lon="130.51872577518225">
        <ele>19.0</ele>
      </trkpt>
      <trkpt lat="33.28083646483719" lon="130.51877397112548">
        <ele>18.93</ele>
      </trkpt>
      <trkpt lat="33.28110694885254" lon="130.5188226699829">
        <ele>18.85</ele>
      </trkpt>
      <trkpt lat="33.28128891997039" lon="130.5189082492143">
        <ele>18.71</ele>
      </trkpt>
      <trkpt lat="33.281471813097596" lon="130.51899433135986">
        <ele>18.52</ele>
      </trkpt>
      <trkpt lat="33.28155764378607" lon="130.5190372467041">
        <ele>18.35</ele>
      </trkpt>
      <trkpt lat="33.28155755996704" lon="130.5190372467041">
        <ele>18.2</ele>
      </trkpt>
      <trkpt lat="33.28179309144616" lon="130.51914964802563">
        <ele>18.0</ele>
      </trkpt>
      <trkpt lat="33.28202862292528" lon="130.51926204934716">
        <ele>17.78</ele>
      </trkpt>
      <trkpt lat="33.2822641544044" lon="130.5193744506687">
        <ele>17.55</ele>
      </trkpt>
      <trkpt lat="33.282501781359315" lon="130.5194878578186">
        <ele>17.45</ele>
      </trkpt>
      <trkpt lat="33.282726500183344" lon="130.51956270821393">
        <ele>17.54</ele>
      </trkpt>
      <trkpt lat="33.28295239247382" lon="130.51963806152344">
        <ele>17.38</ele>
      </trkpt>
      <trkpt lat="33.282973850145936" lon="130.51965951919556">
        <ele>17.17</ele>
      </trkpt>
      <trkpt lat="33.2832520455122" lon="130.51976647228003">
        <ele>16.86</ele>
      </trkpt>
      <trkpt lat="33.283531749621034" lon="130.51987409591675">
        <ele>16.55</ele>
      </trkpt>
      <trkpt lat="33.28366049565375" lon="130.519917011261">
        <ele>16.49</ele>
      </trkpt>
      <trkpt lat="33.283724868670106" lon="130.5199384689331">
        <ele>16.51</ele>
      </trkpt>
      <trkpt lat="33.28387507237494" lon="130.51995992660522">
        <ele>16.59</ele>
      </trkpt>
      <trkpt lat="33.284131810069084" lon="130.5199813004583">
        <ele>16.74</ele>
      </trkpt>
      <trkpt lat="33.28438854776323" lon="130.5200026743114">
        <ele>16.93</ele>
      </trkpt>
      <trkpt lat="33.28464754857123" lon="130.52002429962158">
        <ele>17.38</ele>
      </trkpt>
      <trkpt lat="33.284864304587245" lon="130.52000200375915">
        <ele>17.78</ele>
      </trkpt>
      <trkpt lat="33.28508114442229" lon="130.51997979171574">
        <ele>18.19</ele>
      </trkpt>
      <trkpt lat="33.28529982827604" lon="130.51995741203427">
        <ele>18.62</ele>
      </trkpt>
      <trkpt lat="33.285484397783875" lon="130.5199384689331">
        <ele>18.99</ele>
      </trkpt>
      <trkpt lat="33.285741889849305" lon="130.5199384689331">
        <ele>19.29</ele>
      </trkpt>
      <trkpt lat="33.28582772053778" lon="130.5199384689331">
        <ele>19.46</ele>
      </trkpt>
      <trkpt lat="33.28609158284962" lon="130.519917011261">
        <ele>19.58</ele>
      </trkpt>
      <trkpt lat="33.28635544516146" lon="130.5198956374079">
        <ele>19.61</ele>
      </trkpt>
      <trkpt lat="33.28662157058716" lon="130.51987409591675">
        <ele>19.43</ele>
      </trkpt>
      <trkpt lat="33.28657857142389" lon="130.51960537210107">
        <ele>19.31</ele>
      </trkpt>
      <trkpt lat="33.28653582371771" lon="130.51933765411377">
        <ele>19.26</ele>
      </trkpt>
      <trkpt lat="33.28648419119418" lon="130.51901520229876">
        <ele>19.39</ele>
      </trkpt>
      <trkpt lat="33.28643264248967" lon="130.51869283430278">
        <ele>19.69</ele>
      </trkpt>
      <trkpt lat="33.286381009966135" lon="130.51837038248777">
        <ele>19.58</ele>
      </trkpt>
      <trkpt lat="33.28632946126163" lon="130.5180480144918">
        <ele>19.3</ele>
      </trkpt>
      <trkpt lat="33.286278331652284" lon="130.51772832870483">
        <ele>18.95</ele>
      </trkpt>
      <trkpt lat="33.28625679016113" lon="130.51753520965576">
        <ele>18.71</ele>
      </trkpt>
      <trkpt lat="33.28622007742524" lon="130.51728777587414">
        <ele>18.55</ele>
      </trkpt>
      <trkpt lat="33.28618344850838" lon="130.51704042591155">
        <ele>18.41</ele>
      </trkpt>
      <trkpt lat="33.28614707104862" lon="130.51679441705346">
        <ele>18.28</ele>
      </trkpt>
    </trkseg>
  </trk>
</gpx>
